season,round,date,weather_warm,weather_cold,weather_dry,weather_wet,weather_cloudy,driver,grid,podium,driver_points,driver_wins,driver_standings_pos,constructor_points,constructor_wins,constructor_standings_pos,driver_age,qualifying_time,circuit_id_albert_park,circuit_id_americas,circuit_id_bahrain,circuit_id_baku,circuit_id_catalunya,circuit_id_hungaroring,circuit_id_imola,circuit_id_interlagos,circuit_id_jeddah,circuit_id_losail,circuit_id_marina_bay,circuit_id_miami,circuit_id_monaco,circuit_id_monza,circuit_id_red_bull_ring,circuit_id_rodriguez,circuit_id_shanghai,circuit_id_silverstone,circuit_id_spa,circuit_id_suzuka,circuit_id_vegas,circuit_id_villeneuve,circuit_id_yas_marina,circuit_id_zandvoort,nationality_Argentine,nationality_Australian,nationality_Brazilian,nationality_British,nationality_Canadian,nationality_Dutch,nationality_French,nationality_German,nationality_Italian,nationality_Japanese,nationality_Monegasque,nationality_New Zealander,nationality_Spanish,nationality_Thai,constructor_alpine,constructor_aston_martin,constructor_ferrari,constructor_haas,constructor_mclaren,constructor_mercedes,constructor_rb,constructor_red_bull,constructor_sauber,constructor_williams
2025,1,2025-03-16,0,0,0,1,0,Norris,1.0,1,0,0,0,0,0,0,25,0.0,True,False,False,False,False,False,False,False,False,False,False,False,False,False,False,False,False,False,False,False,False,False,False,False,False,False,False,True,False,False,False,False,False,False,False,False,False,False,False,False,False,False,True,False,False,False,False,False
2025,1,2025-03-16,0,0,0,1,0,Piastri,2.0,9,0,0,0,0,0,0,23,0.08400000000000318,True,False,False,False,False,False,False,False,False,False,False,False,False,False,False,False,False,False,False,False,False,False,False,False,False,True,False,False,False,False,False,False,False,False,False,False,False,False,False,False,False,False,True,False,False,False,False,False
2025,1,2025-03-16,0,0,0,1,0,Verstappen,3.0,2,0,0,0,0,0,0,27,0.3849999999999909,True,False,False,False,False,False,False,False,False,False,False,False,False,False,False,False,False,False,False,False,False,False,False,False,False,False,False,False,False,True,False,False,False,False,False,False,False,False,False,False,False,False,False,False,False,True,False,False
2025,1,2025-03-16,0,0,0,1,0,Russell,4.0,3,0,0,0,0,0,0,27,0.44999999999998863,True,False,False,False,False,False,False,False,False,False,False,False,False,False,False,False,False,False,False,False,False,False,False,False,False,False,False,True,False,False,False,False,False,False,False,False,False,False,False,False,False,False,False,True,False,False,False,False
2025,1,2025-03-16,0,0,0,1,0,Tsunoda,5.0,12,0,0,0,0,0,0,24,0.5739999999999981,True,False,False,False,False,False,False,False,False,False,False,False,False,False,False,False,False,False,False,False,False,False,False,False,False,False,False,False,False,False,False,False,False,True,False,False,False,False,False,False,False,False,False,False,True,False,False,False
2025,1,2025-03-16,0,0,0,1,0,Albon,6.0,5,0,0,0,0,0,0,28,0.6409999999999911,True,False,False,False,False,False,False,False,False,False,False,False,False,False,False,False,False,False,False,False,False,False,False,False,False,False,False,False,False,False,False,False,False,False,False,False,False,True,False,False,False,False,False,False,False,False,False,True
2025,1,2025-03-16,0,0,0,1,0,Leclerc,7.0,8,0,0,0,0,0,0,27,0.6589999999999918,True,False,False,False,False,False,False,False,False,False,False,False,False,False,False,False,False,False,False,False,False,False,False,False,False,False,False,False,False,False,False,False,False,False,True,False,False,False,False,False,True,False,False,False,False,False,False,False
2025,1,2025-03-16,0,0,0,1,0,Hamilton,8.0,10,0,0,0,0,0,0,40,0.8769999999999953,True,False,False,False,False,False,False,False,False,False,False,False,False,False,False,False,False,False,False,False,False,False,False,False,False,False,False,True,False,False,False,False,False,False,False,False,False,False,False,False,True,False,False,False,False,False,False,False
2025,1,2025-03-16,0,0,0,1,0,Gasly,9.0,11,0,0,0,0,0,0,29,0.8840000000000003,True,False,False,False,False,False,False,False,False,False,False,False,False,False,False,False,False,False,False,False,False,False,False,False,False,False,False,False,False,False,True,False,False,False,False,False,False,False,True,False,False,False,False,False,False,False,False,False
2025,1,2025-03-16,0,0,0,1,0,Sainz,10.0,18,0,0,0,0,0,0,30,0.965999999999994,True,False,False,False,False,False,False,False,False,False,False,False,False,False,False,False,False,False,False,False,False,False,False,False,False,False,False,False,False,False,False,False,False,False,False,False,True,False,False,False,False,False,False,False,False,False,False,True
2025,1,2025-03-16,0,0,0,1,0,Hadjar,11.0,20,0,0,0,0,0,0,20,1.0789999999999935,True,False,False,False,False,False,False,False,False,False,False,False,False,False,False,False,False,False,False,False,False,False,False,False,False,False,False,False,False,False,True,False,False,False,False,False,False,False,False,False,False,False,False,False,True,False,False,False
2025,1,2025-03-16,0,0,0,1,0,Alonso,12.0,17,0,0,0,0,0,0,43,1.3569999999999993,True,False,False,False,False,False,False,False,False,False,False,False,False,False,False,False,False,False,False,False,False,False,False,False,False,False,False,False,False,False,False,False,False,False,False,False,True,False,False,True,False,False,False,False,False,False,False,False
2025,1,2025-03-16,0,0,0,1,0,Stroll,13.0,6,0,0,0,0,0,0,26,1.3870000000000005,True,False,False,False,False,False,False,False,False,False,False,False,False,False,False,False,False,False,False,False,False,False,False,False,False,False,False,False,True,False,False,False,False,False,False,False,False,False,False,True,False,False,False,False,False,False,False,False
2025,1,2025-03-16,0,0,0,1,0,Doohan,14.0,19,0,0,0,0,0,0,22,1.766999999999996,True,False,False,False,False,False,False,False,False,False,False,False,False,False,False,False,False,False,False,False,False,False,False,False,False,True,False,False,False,False,False,False,False,False,False,False,False,False,True,False,False,False,False,False,False,False,False,False
2025,1,2025-03-16,0,0,0,1,0,Bortoleto,15.0,16,0,0,0,0,0,0,20,2.4239999999999924,True,False,False,False,False,False,False,False,False,False,False,False,False,False,False,False,False,False,False,False,False,False,False,False,False,False,True,False,False,False,False,False,False,False,False,False,False,False,False,False,False,False,False,False,False,False,True,False
2025,1,2025-03-16,0,0,0,1,0,Antonelli,16.0,4,0,0,0,0,0,0,18,1.429000000000002,True,False,False,False,False,False,False,False,False,False,False,False,False,False,False,False,False,False,False,False,False,False,False,False,False,False,False,False,False,False,False,False,True,False,False,False,False,False,False,False,False,False,False,True,False,False,False,False
2025,1,2025-03-16,0,0,0,1,0,Hulkenberg,17.0,7,0,0,0,0,0,0,37,1.483000000000004,True,False,False,False,False,False,False,False,False,False,False,False,False,False,False,False,False,False,False,False,False,False,False,False,False,False,False,False,False,False,False,True,False,False,False,False,False,False,False,False,False,False,False,False,False,False,True,False
2025,1,2025-03-16,0,0,0,1,0,Lawson,18.0,15,0,0,0,0,0,0,23,1.9979999999999905,True,False,False,False,False,False,False,False,False,False,False,False,False,False,False,False,False,False,False,False,False,False,False,False,False,False,False,False,False,False,False,False,False,False,False,True,False,False,False,False,False,False,False,False,False,True,False,False
2025,1,2025-03-16,0,0,0,1,0,Ocon,19.0,13,0,0,0,0,0,0,28,2.0509999999999877,True,False,False,False,False,False,False,False,False,False,False,False,False,False,False,False,False,False,False,False,False,False,False,False,False,False,False,False,False,False,True,False,False,False,False,False,False,False,False,False,False,True,False,False,False,False,False,False
2025,1,2025-03-16,0,0,0,1,0,Bearman,20.0,14,0,0,0,0,0,0,19,2.0509999999999877,True,False,False,False,False,False,False,False,False,False,False,False,False,False,False,False,False,False,False,False,False,False,False,False,False,False,False,True,False,False,False,False,False,False,False,False,False,False,False,False,False,True,False,False,False,False,False,False
2025,2,2025-03-23,0,0,0,0,1,Piastri,1.0,1,2,0,9,27,1,1,23,0.0,False,False,False,False,False,False,False,False,False,False,False,False,False,False,False,False,True,False,False,False,False,False,False,False,False,True,False,False,False,False,False,False,False,False,False,False,False,False,False,False,False,False,True,False,False,False,False,False
2025,2,2025-03-23,0,0,0,0,1,Russell,2.0,3,15,0,3,27,0,2,27,0.08200000000000784,False,False,False,False,False,False,False,False,False,False,False,False,False,False,False,False,True,False,False,False,False,False,False,False,False,False,False,True,False,False,False,False,False,False,False,False,False,False,False,False,False,False,False,True,False,False,False,False
2025,2,2025-03-23,0,0,0,0,1,Norris,3.0,2,25,1,1,27,1,1,25,0.15200000000001523,False,False,False,False,False,False,False,False,False,False,False,False,False,False,False,False,True,False,False,False,False,False,False,False,False,False,False,True,False,False,False,False,False,False,False,False,False,False,False,False,False,False,True,False,False,False,False,False
2025,2,2025-03-23,0,0,0,0,1,Verstappen,4.0,4,18,0,2,18,0,3,27,0.17600000000001614,False,False,False,False,False,False,False,False,False,False,False,False,False,False,False,False,True,False,False,False,False,False,False,False,False,False,False,False,False,True,False,False,False,False,False,False,False,False,False,False,False,False,False,False,False,True,False,False
2025,2,2025-03-23,0,0,0,0,1,Hamilton,5.0,19,1,0,10,5,0,7,40,0.28600000000000136,False,False,False,False,False,False,False,False,False,False,False,False,False,False,False,False,True,False,False,False,False,False,False,False,False,False,False,True,False,False,False,False,False,False,False,False,False,False,False,False,True,False,False,False,False,False,False,False
2025,2,2025-03-23,0,0,0,0,1,Leclerc,6.0,18,4,0,8,5,0,7,27,0.38000000000000966,False,False,False,False,False,False,False,False,False,False,False,False,False,False,False,False,True,False,False,False,False,False,False,False,False,False,False,False,False,False,False,False,False,False,True,False,False,False,False,False,True,False,False,False,False,False,False,False
2025,2,2025-03-23,0,0,0,0,1,Hadjar,7.0,11,0,0,0,0,0,9,20,0.4380000000000166,False,False,False,False,False,False,False,False,False,False,False,False,False,False,False,False,True,False,False,False,False,False,False,False,False,False,False,False,False,False,True,False,False,False,False,False,False,False,False,False,False,False,False,False,True,False,False,False
2025,2,2025-03-23,0,0,0,0,1,Antonelli,8.0,6,12,0,4,27,0,2,18,0.4620000000000175,False,False,False,False,False,False,False,False,False,False,False,False,False,False,False,False,True,False,False,False,False,False,False,False,False,False,False,False,False,False,False,False,True,False,False,False,False,False,False,False,False,False,False,True,False,False,False,False
2025,2,2025-03-23,0,0,0,0,1,Tsunoda,9.0,16,0,0,12,0,0,9,24,0.9970000000000141,False,False,False,False,False,False,False,False,False,False,False,False,False,False,False,False,True,False,False,False,False,False,False,False,False,False,False,False,False,False,False,False,False,True,False,False,False,False,False,False,False,False,False,False,True,False,False,False
2025,2,2025-03-23,0,0,0,0,1,Albon,10.0,7,10,0,5,10,0,4,29,1.065000000000012,False,False,False,False,False,False,False,False,False,False,False,False,False,False,False,False,True,False,False,False,False,False,False,False,False,False,False,False,False,False,False,False,False,False,False,False,False,True,False,False,False,False,False,False,False,False,False,True
2025,2,2025-03-23,0,0,0,0,1,Ocon,11.0,5,0,0,13,0,0,10,28,0.9840000000000089,False,False,False,False,False,False,False,False,False,False,False,False,False,False,False,False,True,False,False,False,False,False,False,False,False,False,False,False,False,False,True,False,False,False,False,False,False,False,False,False,False,True,False,False,False,False,False,False
2025,2,2025-03-23,0,0,0,0,1,Hulkenberg,12.0,15,6,0,7,6,0,6,37,0.9910000000000139,False,False,False,False,False,False,False,False,False,False,False,False,False,False,False,False,True,False,False,False,False,False,False,False,False,False,False,False,False,False,False,True,False,False,False,False,False,False,False,False,False,False,False,False,False,False,True,False
2025,2,2025-03-23,0,0,0,0,1,Alonso,13.0,17,0,0,0,8,0,5,43,1.0470000000000113,False,False,False,False,False,False,False,False,False,False,False,False,False,False,False,False,True,False,False,False,False,False,False,False,False,False,False,False,False,False,False,False,False,False,False,False,True,False,False,True,False,False,False,False,False,False,False,False
2025,2,2025-03-23,0,0,0,0,1,Stroll,14.0,9,8,0,6,8,0,5,26,1.132000000000005,False,False,False,False,False,False,False,False,False,False,False,False,False,False,False,False,True,False,False,False,False,False,False,False,False,False,False,False,True,False,False,False,False,False,False,False,False,False,False,True,False,False,False,False,False,False,False,False
2025,2,2025-03-23,0,0,0,0,1,Sainz,15.0,10,0,0,0,10,0,4,30,1.1990000000000123,False,False,False,False,False,False,False,False,False,False,False,False,False,False,False,False,True,False,False,False,False,False,False,False,False,False,False,False,False,False,False,False,False,False,False,False,True,False,False,False,False,False,False,False,False,False,False,True
2025,2,2025-03-23,0,0,0,0,1,Gasly,16.0,20,0,0,11,0,0,8,29,1.3510000000000133,False,False,False,False,False,False,False,False,False,False,False,False,False,False,False,False,True,False,False,False,False,False,False,False,False,False,False,False,False,False,True,False,False,False,False,False,False,False,True,False,False,False,False,False,False,False,False,False
2025,2,2025-03-23,0,0,0,0,1,Bearman,17.0,8,0,0,14,0,0,10,19,1.3770000000000095,False,False,False,False,False,False,False,False,False,False,False,False,False,False,False,False,True,False,False,False,False,False,False,False,False,False,False,True,False,False,False,False,False,False,False,False,False,False,False,False,False,True,False,False,False,False,False,False
2025,2,2025-03-23,0,0,0,0,1,Doohan,18.0,13,0,0,0,0,0,8,22,1.4510000000000076,False,False,False,False,False,False,False,False,False,False,False,False,False,False,False,False,True,False,False,False,False,False,False,False,False,True,False,False,False,False,False,False,False,False,False,False,False,False,True,False,False,False,False,False,False,False,False,False
2025,2,2025-03-23,0,0,0,0,1,Bortoleto,19.0,14,0,0,0,6,0,6,20,1.5,False,False,False,False,False,False,False,False,False,False,False,False,False,False,False,False,True,False,False,False,False,False,False,False,False,False,True,False,False,False,False,False,False,False,False,False,False,False,False,False,False,False,False,False,False,False,True,False
2025,2,2025-03-23,0,0,0,0,1,Lawson,20.0,12,0,0,0,18,0,3,23,1.5330000000000155,False,False,False,False,False,False,False,False,False,False,False,False,False,False,False,False,True,False,False,False,False,False,False,False,False,False,False,False,False,False,False,False,False,False,False,True,False,False,False,False,False,False,False,False,False,True,False,False
2025,3,2025-04-06,0,0,0,0,1,Verstappen,1.0,1,36,0,2,36,0,3,27,0.0,False,False,False,False,False,False,False,False,False,False,False,False,False,False,False,False,False,False,False,True,False,False,False,False,False,False,False,False,False,True,False,False,False,False,False,False,False,False,False,False,False,False,False,False,False,True,False,False
2025,3,2025-04-06,0,0,0,0,1,Norris,2.0,2,44,1,1,78,2,1,25,0.012000000000000455,False,False,False,False,False,False,False,False,False,False,False,False,False,False,False,False,False,False,False,True,False,False,False,False,False,False,False,True,False,False,False,False,False,False,False,False,False,False,False,False,False,False,True,False,False,False,False,False
2025,3,2025-04-06,0,0,0,0,1,Piastri,3.0,3,34,1,4,78,2,1,24,0.04399999999999693,False,False,False,False,False,False,False,False,False,False,False,False,False,False,False,False,False,False,False,True,False,False,False,False,False,True,False,False,False,False,False,False,False,False,False,False,False,False,False,False,False,False,True,False,False,False,False,False
2025,3,2025-04-06,0,0,0,0,1,Leclerc,4.0,4,8,0,10,17,0,5,27,0.3160000000000025,False,False,False,False,False,False,False,False,False,False,False,False,False,False,False,False,False,False,False,True,False,False,False,False,False,False,False,False,False,False,False,False,False,False,True,False,False,False,False,False,True,False,False,False,False,False,False,False
2025,3,2025-04-06,0,0,0,0,1,Russell,5.0,5,35,0,3,57,0,2,27,0.33499999999999375,False,False,False,False,False,False,False,False,False,False,False,False,False,False,False,False,False,False,False,True,False,False,False,False,False,False,False,True,False,False,False,False,False,False,False,False,False,False,False,False,False,False,False,True,False,False,False,False
2025,3,2025-04-06,0,0,0,0,1,Antonelli,6.0,6,22,0,5,57,0,2,18,0.5720000000000027,False,False,False,False,False,False,False,False,False,False,False,False,False,False,False,False,False,False,False,True,False,False,False,False,False,False,False,False,False,False,False,False,True,False,False,False,False,False,False,False,False,False,False,True,False,False,False,False
2025,3,2025-04-06,0,0,0,0,1,Hadjar,7.0,8,0,0,16,3,0,9,20,0.5859999999999985,False,False,False,False,False,False,False,False,False,False,False,False,False,False,False,False,False,False,False,True,False,False,False,False,False,False,False,False,False,False,True,False,False,False,False,False,False,False,False,False,False,False,False,False,True,False,False,False
2025,3,2025-04-06,0,0,0,0,1,Hamilton,8.0,7,9,0,9,17,0,5,40,0.6269999999999953,False,False,False,False,False,False,False,False,False,False,False,False,False,False,False,False,False,False,False,True,False,False,False,False,False,False,False,True,False,False,False,False,False,False,False,False,False,False,False,False,True,False,False,False,False,False,False,False
2025,3,2025-04-06,0,0,0,0,1,Albon,9.0,9,16,0,6,17,0,4,29,0.6319999999999908,False,False,False,False,False,False,False,False,False,False,False,False,False,False,False,False,False,False,False,True,False,False,False,False,False,False,False,False,False,False,False,False,False,False,False,False,False,True,False,False,False,False,False,False,False,False,False,True
2025,3,2025-04-06,0,0,0,0,1,Bearman,10.0,10,4,0,12,14,0,6,19,0.8840000000000003,False,False,False,False,False,False,False,False,False,False,False,False,False,False,False,False,False,False,False,True,False,False,False,False,False,False,False,True,False,False,False,False,False,False,False,False,False,False,False,False,False,True,False,False,False,False,False,False
2025,3,2025-04-06,0,0,0,0,1,Gasly,11.0,13,0,0,15,0,0,10,29,0.8389999999999986,False,False,False,False,False,False,False,False,False,False,False,False,False,False,False,False,False,False,False,True,False,False,False,False,False,False,False,False,False,False,True,False,False,False,False,False,False,False,True,False,False,False,False,False,False,False,False,False
2025,3,2025-04-06,0,0,0,0,1,Alonso,12.0,11,0,0,0,10,0,7,43,0.9139999999999873,False,False,False,False,False,False,False,False,False,False,False,False,False,False,False,False,False,False,False,True,False,False,False,False,False,False,False,False,False,False,False,False,False,False,False,False,True,False,False,True,False,False,False,False,False,False,False,False
2025,3,2025-04-06,0,0,0,0,1,Lawson,13.0,17,0,0,17,3,0,9,23,0.9230000000000018,False,False,False,False,False,False,False,False,False,False,False,False,False,False,False,False,False,False,False,True,False,False,False,False,False,False,False,False,False,False,False,False,False,False,False,True,False,False,False,False,False,False,False,False,True,False,False,False
2025,3,2025-04-06,0,0,0,0,1,Tsunoda,14.0,12,3,0,13,36,0,3,24,1.016999999999996,False,False,False,False,False,False,False,False,False,False,False,False,False,False,False,False,False,False,False,True,False,False,False,False,False,False,False,False,False,False,False,False,False,True,False,False,False,False,False,False,False,False,False,False,False,True,False,False
2025,3,2025-04-06,0,0,0,0,1,Sainz,15.0,14,1,0,14,17,0,4,30,0.8529999999999944,False,False,False,False,False,False,False,False,False,False,False,False,False,False,False,False,False,False,False,True,False,False,False,False,False,False,False,False,False,False,False,False,False,False,False,False,True,False,False,False,False,False,False,False,False,False,False,True
2025,3,2025-04-06,0,0,0,0,1,Hulkenberg,16.0,16,6,0,11,6,0,8,37,1.586999999999989,False,False,False,False,False,False,False,False,False,False,False,False,False,False,False,False,False,False,False,True,False,False,False,False,False,False,False,False,False,False,False,True,False,False,False,False,False,False,False,False,False,False,False,False,False,False,True,False
2025,3,2025-04-06,0,0,0,0,1,Bortoleto,17.0,19,0,0,19,6,0,8,20,1.6389999999999958,False,False,False,False,False,False,False,False,False,False,False,False,False,False,False,False,False,False,False,True,False,False,False,False,False,False,True,False,False,False,False,False,False,False,False,False,False,False,False,False,False,False,False,False,False,False,True,False
2025,3,2025-04-06,0,0,0,0,1,Ocon,18.0,18,10,0,7,14,0,6,28,1.7129999999999939,False,False,False,False,False,False,False,False,False,False,False,False,False,False,False,False,False,False,False,True,False,False,False,False,False,False,False,False,False,False,True,False,False,False,False,False,False,False,False,False,False,True,False,False,False,False,False,False
2025,3,2025-04-06,0,0,0,0,1,Doohan,19.0,15,0,0,18,0,0,10,22,1.8939999999999912,False,False,False,False,False,False,False,False,False,False,False,False,False,False,False,False,False,False,False,True,False,False,False,False,False,True,False,False,False,False,False,False,False,False,False,False,False,False,True,False,False,False,False,False,False,False,False,False
2025,3,2025-04-06,0,0,0,0,1,Stroll,20.0,20,10,0,8,10,0,7,26,2.2879999999999967,False,False,False,False,False,False,False,False,False,False,False,False,False,False,False,False,False,False,False,True,False,False,False,False,False,False,False,False,True,False,False,False,False,False,False,False,False,False,False,True,False,False,False,False,False,False,False,False
2025,4,2025-04-13,1,0,0,0,0,Piastri,1.0,1,49,1,3,111,2,1,24,0.0,False,False,True,False,False,False,False,False,False,False,False,False,False,False,False,False,False,False,False,False,False,False,False,False,False,True,False,False,False,False,False,False,False,False,False,False,False,False,False,False,False,False,True,False,False,False,False,False
2025,4,2025-04-13,1,0,0,0,0,Leclerc,2.0,4,20,0,6,35,0,4,27,0.333999999999989,False,False,True,False,False,False,False,False,False,False,False,False,False,False,False,False,False,False,False,False,False,False,False,False,False,False,False,False,False,False,False,False,False,False,True,False,False,False,False,False,True,False,False,False,False,False,False,False
2025,4,2025-04-13,1,0,0,0,0,Russell,3.0,2,45,0,4,75,0,2,27,0.16799999999999216,False,False,True,False,False,False,False,False,False,False,False,False,False,False,False,False,False,False,False,False,False,False,False,False,False,False,False,True,False,False,False,False,False,False,False,False,False,False,False,False,False,False,False,True,False,False,False,False
2025,4,2025-04-13,1,0,0,0,0,Gasly,4.0,7,0,0,16,0,0,10,29,0.375,False,False,True,False,False,False,False,False,False,False,False,False,False,False,False,False,False,False,False,False,False,False,False,False,False,False,False,False,False,False,True,False,False,False,False,False,False,False,True,False,False,False,False,False,False,False,False,False
2025,4,2025-04-13,1,0,0,0,0,Antonelli,5.0,11,30,0,5,75,0,2,18,0.3719999999999857,False,False,True,False,False,False,False,False,False,False,False,False,False,False,False,False,False,False,False,False,False,False,False,False,False,False,False,False,False,False,False,False,True,False,False,False,False,False,False,False,False,False,False,True,False,False,False,False
2025,4,2025-04-13,1,0,0,0,0,Norris,6.0,3,62,1,1,111,2,1,25,0.4259999999999877,False,False,True,False,False,False,False,False,False,False,False,False,False,False,False,False,False,False,False,False,False,False,False,False,False,False,False,True,False,False,False,False,False,False,False,False,False,False,False,False,False,False,True,False,False,False,False,False
2025,4,2025-04-13,1,0,0,0,0,Verstappen,7.0,6,61,1,2,61,1,3,27,0.5819999999999936,False,False,True,False,False,False,False,False,False,False,False,False,False,False,False,False,False,False,False,False,False,False,False,False,False,False,False,False,False,True,False,False,False,False,False,False,False,False,False,False,False,False,False,False,False,True,False,False
2025,4,2025-04-13,1,0,0,0,0,Sainz,8.0,19,1,0,15,19,0,5,30,0.8389999999999986,False,False,True,False,False,False,False,False,False,False,False,False,False,False,False,False,False,False,False,False,False,False,False,False,False,False,False,False,False,False,False,False,False,False,False,False,True,False,False,False,False,False,False,False,False,False,False,True
2025,4,2025-04-13,1,0,0,0,0,Hamilton,9.0,5,15,0,8,35,0,4,40,0.9309999999999832,False,False,True,False,False,False,False,False,False,False,False,False,False,False,False,False,False,False,False,False,False,False,False,False,False,False,False,True,False,False,False,False,False,False,False,False,False,False,False,False,True,False,False,False,False,False,False,False
2025,4,2025-04-13,1,0,0,0,0,Tsunoda,10.0,9,3,0,14,61,1,3,24,1.461999999999989,False,False,True,False,False,False,False,False,False,False,False,False,False,False,False,False,False,False,False,False,False,False,False,False,False,False,False,False,False,False,False,False,False,True,False,False,False,False,False,False,False,False,False,False,False,True,False,False
2025,4,2025-04-13,1,0,0,0,0,Doohan,11.0,14,0,0,19,0,0,10,22,1.4039999999999964,False,False,True,False,False,False,False,False,False,False,False,False,False,False,False,False,False,False,False,False,False,False,False,False,False,True,False,False,False,False,False,False,False,False,False,False,False,False,True,False,False,False,False,False,False,False,False,False
2025,4,2025-04-13,1,0,0,0,0,Hadjar,12.0,13,4,0,13,7,0,8,20,1.4299999999999926,False,False,True,False,False,False,False,False,False,False,False,False,False,False,False,False,False,False,False,False,False,False,False,False,False,False,False,False,False,False,True,False,False,False,False,False,False,False,False,False,False,False,False,False,True,False,False,False
2025,4,2025-04-13,1,0,0,0,0,Alonso,13.0,15,0,0,17,10,0,7,43,2.0449999999999875,False,False,True,False,False,False,False,False,False,False,False,False,False,False,False,False,False,False,False,False,False,False,False,False,False,False,False,False,False,False,False,False,False,False,False,False,True,False,False,True,False,False,False,False,False,False,False,False
2025,4,2025-04-13,1,0,0,0,0,Ocon,14.0,8,10,0,9,15,0,6,28,2.0449999999999875,False,False,True,False,False,False,False,False,False,False,False,False,False,False,False,False,False,False,False,False,False,False,False,False,False,False,False,False,False,False,True,False,False,False,False,False,False,False,False,False,False,True,False,False,False,False,False,False
2025,4,2025-04-13,1,0,0,0,0,Albon,15.0,12,18,0,7,19,0,5,29,2.0449999999999875,False,False,True,False,False,False,False,False,False,False,False,False,False,False,False,False,False,False,False,False,False,False,False,False,False,False,False,False,False,False,False,False,False,False,False,False,False,True,False,False,False,False,False,False,False,False,False,True
2025,4,2025-04-13,1,0,0,0,0,Hulkenberg,16.0,20,6,0,11,6,0,9,37,2.225999999999999,False,False,True,False,False,False,False,False,False,False,False,False,False,False,False,False,False,False,False,False,False,False,False,False,False,False,False,False,False,False,False,True,False,False,False,False,False,False,False,False,False,False,False,False,False,False,True,False
2025,4,2025-04-13,1,0,0,0,0,Lawson,17.0,16,0,0,18,7,0,8,23,2.323999999999984,False,False,True,False,False,False,False,False,False,False,False,False,False,False,False,False,False,False,False,False,False,False,False,False,False,False,False,False,False,False,False,False,False,False,False,True,False,False,False,False,False,False,False,False,True,False,False,False
2025,4,2025-04-13,1,0,0,0,0,Bortoleto,18.0,18,0,0,20,6,0,9,20,2.344999999999999,False,False,True,False,False,False,False,False,False,False,False,False,False,False,False,False,False,False,False,False,False,False,False,False,False,False,True,False,False,False,False,False,False,False,False,False,False,False,False,False,False,False,False,False,False,False,True,False
2025,4,2025-04-13,1,0,0,0,0,Stroll,19.0,17,10,0,10,10,0,7,26,2.441999999999993,False,False,True,False,False,False,False,False,False,False,False,False,False,False,False,False,False,False,False,False,False,False,False,False,False,False,False,False,True,False,False,False,False,False,False,False,False,False,False,True,False,False,False,False,False,False,False,False
2025,4,2025-04-13,1,0,0,0,0,Bearman,20.0,10,5,0,12,15,0,6,19,2.5319999999999823,False,False,True,False,False,False,False,False,False,False,False,False,False,False,False,False,False,False,False,False,False,False,False,False,False,False,False,True,False,False,False,False,False,False,False,False,False,False,False,False,False,True,False,False,False,False,False,False
2025,5,2025-04-20,1,0,0,0,0,Verstappen,1.0,2,69,1,3,71,1,3,27,0.0,False,False,False,False,False,False,False,False,True,False,False,False,False,False,False,False,False,False,False,False,False,False,False,False,False,False,False,False,False,True,False,False,False,False,False,False,False,False,False,False,False,False,False,False,False,True,False,False
2025,5,2025-04-20,1,0,0,0,0,Piastri,2.0,1,74,2,2,151,3,1,24,0.010000000000005116,False,False,False,False,False,False,False,False,True,False,False,False,False,False,False,False,False,False,False,False,False,False,False,False,False,True,False,False,False,False,False,False,False,False,False,False,False,False,False,False,False,False,True,False,False,False,False,False
2025,5,2025-04-20,1,0,0,0,0,Russell,3.0,5,63,0,4,93,0,2,27,0.11299999999999955,False,False,False,False,False,False,False,False,True,False,False,False,False,False,False,False,False,False,False,False,False,False,False,False,False,False,False,True,False,False,False,False,False,False,False,False,False,False,False,False,False,False,False,True,False,False,False,False
2025,5,2025-04-20,1,0,0,0,0,Leclerc,4.0,3,32,0,5,57,0,4,27,0.3760000000000048,False,False,False,False,False,False,False,False,True,False,False,False,False,False,False,False,False,False,False,False,False,False,False,False,False,False,False,False,False,False,False,False,False,False,True,False,False,False,False,False,True,False,False,False,False,False,False,False
2025,5,2025-04-20,1,0,0,0,0,Antonelli,5.0,6,30,0,6,93,0,2,18,0.5720000000000027,False,False,False,False,False,False,False,False,True,False,False,False,False,False,False,False,False,False,False,False,False,False,False,False,False,False,False,False,False,False,False,False,True,False,False,False,False,False,False,False,False,False,False,True,False,False,False,False
2025,5,2025-04-20,1,0,0,0,0,Sainz,6.0,8,1,0,16,19,0,6,30,0.8700000000000045,False,False,False,False,False,False,False,False,True,False,False,False,False,False,False,False,False,False,False,False,False,False,False,False,False,False,False,False,False,False,False,False,False,False,False,False,True,False,False,False,False,False,False,False,False,False,False,True
2025,5,2025-04-20,1,0,0,0,0,Hamilton,7.0,7,25,0,7,57,0,4,40,0.9069999999999965,False,False,False,False,False,False,False,False,True,False,False,False,False,False,False,False,False,False,False,False,False,False,False,False,False,False,False,True,False,False,False,False,False,False,False,False,False,False,False,False,True,False,False,False,False,False,False,False
2025,5,2025-04-20,1,0,0,0,0,Tsunoda,8.0,19,5,0,14,71,1,3,24,0.9100000000000108,False,False,False,False,False,False,False,False,True,False,False,False,False,False,False,False,False,False,False,False,False,False,False,False,False,False,False,False,False,False,False,False,False,True,False,False,False,False,False,False,False,False,False,False,False,True,False,False
2025,5,2025-04-20,1,0,0,0,0,Gasly,9.0,20,6,0,11,6,0,9,29,1.0730000000000075,False,False,False,False,False,False,False,False,True,False,False,False,False,False,False,False,False,False,False,False,False,False,False,False,False,False,False,False,False,False,True,False,False,False,False,False,False,False,True,False,False,False,False,False,False,False,False,False
2025,5,2025-04-20,1,0,0,0,0,Norris,10.0,4,77,1,1,151,3,1,25,1.0730000000000075,False,False,False,False,False,False,False,False,True,False,False,False,False,False,False,False,False,False,False,False,False,False,False,False,False,False,False,True,False,False,False,False,False,False,False,False,False,False,False,False,False,False,True,False,False,False,False,False
2025,5,2025-04-20,1,0,0,0,0,Albon,11.0,9,18,0,8,19,0,6,29,0.8150000000000119,False,False,False,False,False,False,False,False,True,False,False,False,False,False,False,False,False,False,False,False,False,False,False,False,False,False,False,False,False,False,False,False,False,False,False,False,False,True,False,False,False,False,False,False,False,False,False,True
2025,5,2025-04-20,1,0,0,0,0,Lawson,12.0,12,0,0,18,7,0,8,23,0.8970000000000056,False,False,False,False,False,False,False,False,True,False,False,False,False,False,False,False,False,False,False,False,False,False,False,False,False,False,False,False,False,False,False,False,False,False,False,True,False,False,False,False,False,False,False,False,True,False,False,False
2025,5,2025-04-20,1,0,0,0,0,Alonso,13.0,11,0,0,17,10,0,7,43,1.0090000000000003,False,False,False,False,False,False,False,False,True,False,False,False,False,False,False,False,False,False,False,False,False,False,False,False,False,False,False,False,False,False,False,False,False,False,False,False,True,False,False,True,False,False,False,False,False,False,False,False
2025,5,2025-04-20,1,0,0,0,0,Hadjar,14.0,10,4,0,15,7,0,8,20,1.1240000000000094,False,False,False,False,False,False,False,False,True,False,False,False,False,False,False,False,False,False,False,False,False,False,False,False,False,False,False,False,False,False,True,False,False,False,False,False,False,False,False,False,False,False,False,False,True,False,False,False
2025,5,2025-04-20,1,0,0,0,0,Bearman,15.0,13,6,0,13,20,0,5,19,1.3539999999999992,False,False,False,False,False,False,False,False,True,False,False,False,False,False,False,False,False,False,False,False,False,False,False,False,False,False,False,True,False,False,False,False,False,False,False,False,False,False,False,False,False,True,False,False,False,False,False,False
2025,5,2025-04-20,1,0,0,0,0,Stroll,16.0,16,10,0,10,10,0,7,26,1.350999999999999,False,False,False,False,False,False,False,False,True,False,False,False,False,False,False,False,False,False,False,False,False,False,False,False,False,False,False,False,True,False,False,False,False,False,False,False,False,False,False,True,False,False,False,False,False,False,False,False
2025,5,2025-04-20,1,0,0,0,0,Doohan,17.0,17,0,0,19,6,0,9,22,1.4450000000000074,False,False,False,False,False,False,False,False,True,False,False,False,False,False,False,False,False,False,False,False,False,False,False,False,False,True,False,False,False,False,False,False,False,False,False,False,False,False,True,False,False,False,False,False,False,False,False,False
2025,5,2025-04-20,1,0,0,0,0,Hulkenberg,18.0,15,6,0,12,6,0,10,37,1.4879999999999995,False,False,False,False,False,False,False,False,True,False,False,False,False,False,False,False,False,False,False,False,False,False,False,False,False,False,False,False,False,False,False,True,False,False,False,False,False,False,False,False,False,False,False,False,False,False,True,False
2025,5,2025-04-20,1,0,0,0,0,Ocon,19.0,14,14,0,9,20,0,5,28,1.7980000000000018,False,False,False,False,False,False,False,False,True,False,False,False,False,False,False,False,False,False,False,False,False,False,False,False,False,False,False,False,False,False,True,False,False,False,False,False,False,False,False,False,False,True,False,False,False,False,False,False
2025,5,2025-04-20,1,0,0,0,0,Bortoleto,20.0,18,0,0,20,6,0,10,20,2.1680000000000064,False,False,False,False,False,False,False,False,True,False,False,False,False,False,False,False,False,False,False,False,False,False,False,False,False,False,True,False,False,False,False,False,False,False,False,False,False,False,False,False,False,False,False,False,False,False,True,False
2025,6,2025-05-04,0,0,0,0,1,Verstappen,1.0,4,87,1,3,89,1,3,27,0.0,False,False,False,False,False,False,False,False,False,False,False,True,False,False,False,False,False,False,False,False,False,False,False,False,False,False,False,False,False,True,False,False,False,False,False,False,False,False,False,False,False,False,False,False,False,True,False,False
2025,6,2025-05-04,0,0,0,0,1,Norris,2.0,2,89,1,2,188,4,1,25,0.06499999999999773,False,False,False,False,False,False,False,False,False,False,False,True,False,False,False,False,False,False,False,False,False,False,False,False,False,False,False,True,False,False,False,False,False,False,False,False,False,False,False,False,False,False,True,False,False,False,False,False
2025,6,2025-05-04,0,0,0,0,1,Antonelli,3.0,6,38,0,6,111,0,2,18,0.06699999999999307,False,False,False,False,False,False,False,False,False,False,False,True,False,False,False,False,False,False,False,False,False,False,False,False,False,False,False,False,False,False,False,False,True,False,False,False,False,False,False,False,False,False,False,True,False,False,False,False
2025,6,2025-05-04,0,0,0,0,1,Piastri,4.0,1,99,3,1,188,4,1,24,0.17099999999999227,False,False,False,False,False,False,False,False,False,False,False,True,False,False,False,False,False,False,False,False,False,False,False,False,False,True,False,False,False,False,False,False,False,False,False,False,False,False,False,False,False,False,True,False,False,False,False,False
2025,6,2025-05-04,0,0,0,0,1,Russell,5.0,3,73,0,4,111,0,2,27,0.18099999999999739,False,False,False,False,False,False,False,False,False,False,False,True,False,False,False,False,False,False,False,False,False,False,False,False,False,False,False,True,False,False,False,False,False,False,False,False,False,False,False,False,False,False,False,True,False,False,False,False
2025,6,2025-05-04,0,0,0,0,1,Sainz,6.0,9,5,0,15,25,0,5,30,0.3649999999999949,False,False,False,False,False,False,False,False,False,False,False,True,False,False,False,False,False,False,False,False,False,False,False,False,False,False,False,False,False,False,False,False,False,False,False,False,True,False,False,False,False,False,False,False,False,False,False,True
2025,6,2025-05-04,0,0,0,0,1,Albon,7.0,5,20,0,8,25,0,5,29,0.47799999999999443,False,False,False,False,False,False,False,False,False,False,False,True,False,False,False,False,False,False,False,False,False,False,False,False,False,False,False,False,False,False,False,False,False,False,False,False,False,True,False,False,False,False,False,False,False,False,False,True
2025,6,2025-05-04,0,0,0,0,1,Leclerc,8.0,7,47,0,5,78,0,4,27,0.5499999999999972,False,False,False,False,False,False,False,False,False,False,False,True,False,False,False,False,False,False,False,False,False,False,False,False,False,False,False,False,False,False,False,False,False,False,True,False,False,False,False,False,True,False,False,False,False,False,False,False
2025,6,2025-05-04,0,0,0,0,1,Ocon,9.0,12,14,0,9,20,0,6,28,0.6199999999999903,False,False,False,False,False,False,False,False,False,False,False,True,False,False,False,False,False,False,False,False,False,False,False,False,False,False,False,False,False,False,True,False,False,False,False,False,False,False,False,False,False,True,False,False,False,False,False,False
2025,6,2025-05-04,0,0,0,0,1,Tsunoda,10.0,10,5,0,16,89,1,3,24,0.7389999999999901,False,False,False,False,False,False,False,False,False,False,False,True,False,False,False,False,False,False,False,False,False,False,False,False,False,False,False,False,False,False,False,False,False,True,False,False,False,False,False,False,False,False,False,False,False,True,False,False
2025,6,2025-05-04,0,0,0,0,1,Hadjar,11.0,11,5,0,14,8,0,8,20,0.782999999999987,False,False,False,False,False,False,False,False,False,False,False,True,False,False,False,False,False,False,False,False,False,False,False,False,False,False,False,False,False,False,True,False,False,False,False,False,False,False,False,False,False,False,False,False,True,False,False,False
2025,6,2025-05-04,0,0,0,0,1,Hamilton,12.0,8,31,0,7,78,0,4,40,0.8019999999999925,False,False,False,False,False,False,False,False,False,False,False,True,False,False,False,False,False,False,False,False,False,False,False,False,False,False,False,True,False,False,False,False,False,False,False,False,False,False,False,False,True,False,False,False,False,False,False,False
2025,6,2025-05-04,0,0,0,0,1,Bortoleto,13.0,18,0,0,20,6,0,10,20,0.9469999999999885,False,False,False,False,False,False,False,False,False,False,False,True,False,False,False,False,False,False,False,False,False,False,False,False,False,False,True,False,False,False,False,False,False,False,False,False,False,False,False,False,False,False,False,False,False,False,True,False
2025,6,2025-05-04,0,0,0,0,1,Doohan,14.0,20,0,0,19,6,0,9,22,0.9819999999999993,False,False,False,False,False,False,False,False,False,False,False,True,False,False,False,False,False,False,False,False,False,False,False,False,False,True,False,False,False,False,False,False,False,False,False,False,False,False,True,False,False,False,False,False,False,False,False,False
2025,6,2025-05-04,0,0,0,0,1,Lawson,15.0,17,0,0,18,8,0,8,23,1.1589999999999918,False,False,False,False,False,False,False,False,False,False,False,True,False,False,False,False,False,False,False,False,False,False,False,False,False,False,False,False,False,False,False,False,False,False,False,True,False,False,False,False,False,False,False,False,True,False,False,False
2025,6,2025-05-04,0,0,0,0,1,Hulkenberg,16.0,14,6,0,12,6,0,10,37,1.2689999999999912,False,False,False,False,False,False,False,False,False,False,False,True,False,False,False,False,False,False,False,False,False,False,False,False,False,False,False,False,False,False,False,True,False,False,False,False,False,False,False,False,False,False,False,False,False,False,True,False
2025,6,2025-05-04,0,0,0,0,1,Alonso,17.0,15,0,0,17,10,0,7,43,1.3999999999999915,False,False,False,False,False,False,False,False,False,False,False,True,False,False,False,False,False,False,False,False,False,False,False,False,False,False,False,False,False,False,False,False,False,False,False,False,True,False,False,True,False,False,False,False,False,False,False,False
2025,6,2025-05-04,0,0,0,0,1,Stroll,18.0,16,10,0,10,10,0,7,26,1.6259999999999906,False,False,False,False,False,False,False,False,False,False,False,True,False,False,False,False,False,False,False,False,False,False,False,False,False,False,False,False,True,False,False,False,False,False,False,False,False,False,False,True,False,False,False,False,False,False,False,False
2025,6,2025-05-04,0,0,0,0,1,Bearman,19.0,19,6,0,13,20,0,6,19,1.7949999999999875,False,False,False,False,False,False,False,False,False,False,False,True,False,False,False,False,False,False,False,False,False,False,False,False,False,False,False,True,False,False,False,False,False,False,False,False,False,False,False,False,False,True,False,False,False,False,False,False
2025,6,2025-05-04,0,0,0,0,1,Gasly,20.0,13,6,0,11,6,0,9,29,1.5060000000000002,False,False,False,False,False,False,False,False,False,False,False,True,False,False,False,False,False,False,False,False,False,False,False,False,False,False,False,False,False,False,True,False,False,False,False,False,False,False,True,False,False,False,False,False,False,False,False,False
2025,7,2025-05-18,1,0,0,0,0,Piastri,1.0,3,131,4,1,246,5,1,24,0.0,False,False,False,False,False,False,True,False,False,False,False,False,False,False,False,False,False,False,False,False,False,False,False,False,False,True,False,False,False,False,False,False,False,False,False,False,False,False,False,False,False,False,True,False,False,False,False,False
2025,7,2025-05-18,1,0,0,0,0,Verstappen,2.0,1,99,1,3,105,1,3,27,0.034000000000006025,False,False,False,False,False,False,True,False,False,False,False,False,False,False,False,False,False,False,False,False,False,False,False,False,False,False,False,False,False,True,False,False,False,False,False,False,False,False,False,False,False,False,False,False,False,True,False,False
2025,7,2025-05-18,1,0,0,0,0,Russell,3.0,7,93,0,4,141,0,2,27,0.13700000000000045,False,False,False,False,False,False,True,False,False,False,False,False,False,False,False,False,False,False,False,False,False,False,False,False,False,False,False,True,False,False,False,False,False,False,False,False,False,False,False,False,False,False,False,True,False,False,False,False
2025,7,2025-05-18,1,0,0,0,0,Norris,4.0,2,115,1,2,246,5,1,25,0.2920000000000016,False,False,False,False,False,False,True,False,False,False,False,False,False,False,False,False,False,False,False,False,False,False,False,False,False,False,False,True,False,False,False,False,False,False,False,False,False,False,False,False,False,False,True,False,False,False,False,False
2025,7,2025-05-18,1,0,0,0,0,Alonso,5.0,11,0,0,17,14,0,7,43,0.7609999999999957,False,False,False,False,False,False,True,False,False,False,False,False,False,False,False,False,False,False,False,False,False,False,False,False,False,False,False,False,False,False,False,False,False,False,False,False,True,False,False,True,False,False,False,False,False,False,False,False
2025,7,2025-05-18,1,0,0,0,0,Sainz,6.0,8,7,0,13,37,0,5,30,0.7620000000000005,False,False,False,False,False,False,True,False,False,False,False,False,False,False,False,False,False,False,False,False,False,False,False,False,False,False,False,False,False,False,False,False,False,False,False,False,True,False,False,False,False,False,False,False,False,False,False,True
2025,7,2025-05-18,1,0,0,0,0,Albon,7.0,5,30,0,8,37,0,5,29,0.8029999999999973,False,False,False,False,False,False,True,False,False,False,False,False,False,False,False,False,False,False,False,False,False,False,False,False,False,False,False,False,False,False,False,False,False,False,False,False,False,True,False,False,False,False,False,False,False,False,False,True
2025,7,2025-05-18,1,0,0,0,0,Stroll,8.0,15,14,0,10,14,0,7,26,0.9110000000000014,False,False,False,False,False,False,True,False,False,False,False,False,False,False,False,False,False,False,False,False,False,False,False,False,False,False,False,False,True,False,False,False,False,False,False,False,False,False,False,True,False,False,False,False,False,False,False,False
2025,7,2025-05-18,1,0,0,0,0,Hadjar,9.0,9,5,0,16,8,0,8,20,1.0759999999999934,False,False,False,False,False,False,True,False,False,False,False,False,False,False,False,False,False,False,False,False,False,False,False,False,False,False,False,False,False,False,True,False,False,False,False,False,False,False,False,False,False,False,False,False,True,False,False,False
2025,7,2025-05-18,1,0,0,0,0,Gasly,10.0,13,7,0,12,7,0,9,29,1.1170000000000044,False,False,False,False,False,False,True,False,False,False,False,False,False,False,False,False,False,False,False,False,False,False,False,False,False,False,False,False,False,False,True,False,False,False,False,False,False,False,True,False,False,False,False,False,False,False,False,False
2025,7,2025-05-18,1,0,0,0,0,Leclerc,11.0,6,53,0,5,94,0,4,27,0.9339999999999975,False,False,False,False,False,False,True,False,False,False,False,False,False,False,False,False,False,False,False,False,False,False,False,False,False,False,False,False,False,False,False,False,False,False,True,False,False,False,False,False,True,False,False,False,False,False,False,False
2025,7,2025-05-18,1,0,0,0,0,Hamilton,12.0,4,41,0,7,94,0,4,40,1.0949999999999989,False,False,False,False,False,False,True,False,False,False,False,False,False,False,False,False,False,False,False,False,False,False,False,False,False,False,False,True,False,False,False,False,False,False,False,False,False,False,False,False,True,False,False,False,False,False,False,False
2025,7,2025-05-18,1,0,0,0,0,Antonelli,13.0,19,48,0,6,141,0,2,18,1.1020000000000039,False,False,False,False,False,False,True,False,False,False,False,False,False,False,False,False,False,False,False,False,False,False,False,False,False,False,False,False,False,False,False,False,True,False,False,False,False,False,False,False,False,False,False,True,False,False,False,False
2025,7,2025-05-18,1,0,0,0,0,Bortoleto,14.0,18,0,0,20,6,0,10,20,1.5900000000000034,False,False,False,False,False,False,True,False,False,False,False,False,False,False,False,False,False,False,False,False,False,False,False,False,False,False,True,False,False,False,False,False,False,False,False,False,False,False,False,False,False,False,False,False,False,False,True,False
2025,7,2025-05-18,1,0,0,0,0,Lawson,15.0,14,0,0,18,8,0,8,23,1.7090000000000032,False,False,False,False,False,False,True,False,False,False,False,False,False,False,False,False,False,False,False,False,False,False,False,False,False,False,False,False,False,False,False,False,False,False,False,True,False,False,False,False,False,False,False,False,True,False,False,False
2025,7,2025-05-18,1,0,0,0,0,Colapinto,16.0,16,0,0,0,7,0,9,21,2.2480000000000047,False,False,False,False,False,False,True,False,False,False,False,False,False,False,False,False,False,False,False,False,False,False,False,False,True,False,False,False,False,False,False,False,False,False,False,False,False,False,True,False,False,False,False,False,False,False,False,False
2025,7,2025-05-18,1,0,0,0,0,Hulkenberg,17.0,12,6,0,14,6,0,10,37,1.847999999999999,False,False,False,False,False,False,True,False,False,False,False,False,False,False,False,False,False,False,False,False,False,False,False,False,False,False,False,False,False,False,False,True,False,False,False,False,False,False,False,False,False,False,False,False,False,False,True,False
2025,7,2025-05-18,1,0,0,0,0,Ocon,18.0,20,14,0,9,20,0,6,28,1.9429999999999978,False,False,False,False,False,False,True,False,False,False,False,False,False,False,False,False,False,False,False,False,False,False,False,False,False,False,False,False,False,False,True,False,False,False,False,False,False,False,False,False,False,True,False,False,False,False,False,False
2025,7,2025-05-18,1,0,0,0,0,Bearman,19.0,17,6,0,15,20,0,6,20,2.2480000000000047,False,False,False,False,False,False,True,False,False,False,False,False,False,False,False,False,False,False,False,False,False,False,False,False,False,False,False,True,False,False,False,False,False,False,False,False,False,False,False,False,False,True,False,False,False,False,False,False
2025,7,2025-05-18,1,0,0,0,0,Tsunoda,20.0,10,9,0,11,105,1,3,25,2.2480000000000047,False,False,False,False,False,False,True,False,False,False,False,False,False,False,False,False,False,False,False,False,False,False,False,False,False,False,False,False,False,False,False,False,False,True,False,False,False,False,False,False,False,False,False,False,False,True,False,False
2025,8,2025-05-25,1,0,0,0,0,Norris,1.0,1,133,1,2,279,5,1,25,0.0,False,False,False,False,False,False,False,False,False,False,False,False,True,False,False,False,False,False,False,False,False,False,False,False,False,False,False,True,False,False,False,False,False,False,False,False,False,False,False,False,False,False,True,False,False,False,False,False
2025,8,2025-05-25,1,0,0,0,0,Leclerc,2.0,2,61,0,5,114,0,4,27,0.10899999999999466,False,False,False,False,False,False,False,False,False,False,False,False,True,False,False,False,False,False,False,False,False,False,False,False,False,False,False,False,False,False,False,False,False,False,True,False,False,False,False,False,True,False,False,False,False,False,False,False
2025,8,2025-05-25,1,0,0,0,0,Piastri,3.0,3,146,4,1,279,5,1,24,0.17499999999999716,False,False,False,False,False,False,False,False,False,False,False,False,True,False,False,False,False,False,False,False,False,False,False,False,False,True,False,False,False,False,False,False,False,False,False,False,False,False,False,False,False,False,True,False,False,False,False,False
2025,8,2025-05-25,1,0,0,0,0,Verstappen,4.0,4,124,2,3,131,2,3,27,0.7149999999999892,False,False,False,False,False,False,False,False,False,False,False,False,True,False,False,False,False,False,False,False,False,False,False,False,False,False,False,False,False,True,False,False,False,False,False,False,False,False,False,False,False,False,False,False,False,True,False,False
2025,8,2025-05-25,1,0,0,0,0,Hadjar,5.0,6,7,0,14,10,0,8,20,0.9689999999999941,False,False,False,False,False,False,False,False,False,False,False,False,True,False,False,False,False,False,False,False,False,False,False,False,False,False,False,False,False,False,True,False,False,False,False,False,False,False,False,False,False,False,False,False,True,False,False,False
2025,8,2025-05-25,1,0,0,0,0,Alonso,6.0,19,0,0,17,14,0,7,43,0.9699999999999989,False,False,False,False,False,False,False,False,False,False,False,False,True,False,False,False,False,False,False,False,False,False,False,False,False,False,False,False,False,False,False,False,False,False,False,False,True,False,False,True,False,False,False,False,False,False,False,False
2025,8,2025-05-25,1,0,0,0,0,Hamilton,7.0,5,53,0,6,114,0,4,40,0.42799999999999727,False,False,False,False,False,False,False,False,False,False,False,False,True,False,False,False,False,False,False,False,False,False,False,False,False,False,False,True,False,False,False,False,False,False,False,False,False,False,False,False,True,False,False,False,False,False,False,False
2025,8,2025-05-25,1,0,0,0,0,Ocon,8.0,7,14,0,9,20,0,6,28,0.9879999999999995,False,False,False,False,False,False,False,False,False,False,False,False,True,False,False,False,False,False,False,False,False,False,False,False,False,False,False,False,False,False,True,False,False,False,False,False,False,False,False,False,False,True,False,False,False,False,False,False
2025,8,2025-05-25,1,0,0,0,0,Lawson,9.0,8,0,0,18,10,0,8,23,1.1749999999999972,False,False,False,False,False,False,False,False,False,False,False,False,True,False,False,False,False,False,False,False,False,False,False,False,False,False,False,False,False,False,False,False,False,False,False,True,False,False,False,False,False,False,False,False,True,False,False,False
2025,8,2025-05-25,1,0,0,0,0,Albon,10.0,9,40,0,8,51,0,5,29,1.2589999999999861,False,False,False,False,False,False,False,False,False,False,False,False,True,False,False,False,False,False,False,False,False,False,False,False,False,False,False,False,False,False,False,False,False,False,False,False,False,True,False,False,False,False,False,False,False,False,False,True
2025,8,2025-05-25,1,0,0,0,0,Sainz,11.0,10,11,0,11,51,0,5,30,1.407999999999987,False,False,False,False,False,False,False,False,False,False,False,False,True,False,False,False,False,False,False,False,False,False,False,False,False,False,False,False,False,False,False,False,False,False,False,False,True,False,False,False,False,False,False,False,False,False,False,True
2025,8,2025-05-25,1,0,0,0,0,Tsunoda,12.0,17,10,0,12,131,2,3,25,1.4609999999999843,False,False,False,False,False,False,False,False,False,False,False,False,True,False,False,False,False,False,False,False,False,False,False,False,False,False,False,False,False,False,False,False,False,True,False,False,False,False,False,False,False,False,False,False,False,True,False,False
2025,8,2025-05-25,1,0,0,0,0,Hulkenberg,13.0,16,6,0,15,6,0,10,37,1.641999999999996,False,False,False,False,False,False,False,False,False,False,False,False,True,False,False,False,False,False,False,False,False,False,False,False,False,False,False,False,False,False,False,True,False,False,False,False,False,False,False,False,False,False,False,False,False,False,True,False
2025,8,2025-05-25,1,0,0,0,0,Russell,14.0,11,99,0,4,147,0,2,27,1.641999999999996,False,False,False,False,False,False,False,False,False,False,False,False,True,False,False,False,False,False,False,False,False,False,False,False,False,False,False,True,False,False,False,False,False,False,False,False,False,False,False,False,False,False,False,True,False,False,False,False
2025,8,2025-05-25,1,0,0,0,0,Antonelli,15.0,18,48,0,7,147,0,2,18,1.641999999999996,False,False,False,False,False,False,False,False,False,False,False,False,True,False,False,False,False,False,False,False,False,False,False,False,False,False,False,False,False,False,False,False,True,False,False,False,False,False,False,False,False,False,False,True,False,False,False,False
2025,8,2025-05-25,1,0,0,0,0,Bortoleto,16.0,14,0,0,20,6,0,10,20,1.9479999999999933,False,False,False,False,False,False,False,False,False,False,False,False,True,False,False,False,False,False,False,False,False,False,False,False,False,False,True,False,False,False,False,False,False,False,False,False,False,False,False,False,False,False,False,False,False,False,True,False
2025,8,2025-05-25,1,0,0,0,0,Gasly,17.0,20,7,0,13,7,0,9,29,2.039999999999992,False,False,False,False,False,False,False,False,False,False,False,False,True,False,False,False,False,False,False,False,False,False,False,False,False,False,False,False,False,False,True,False,False,False,False,False,False,False,True,False,False,False,False,False,False,False,False,False
2025,8,2025-05-25,1,0,0,0,0,Colapinto,18.0,13,0,0,21,7,0,9,21,2.6429999999999865,False,False,False,False,False,False,False,False,False,False,False,False,True,False,False,False,False,False,False,False,False,False,False,False,True,False,False,False,False,False,False,False,False,False,False,False,False,False,True,False,False,False,False,False,False,False,False,False
2025,8,2025-05-25,1,0,0,0,0,Stroll,19.0,15,14,0,10,14,0,7,26,2.6089999999999947,False,False,False,False,False,False,False,False,False,False,False,False,True,False,False,False,False,False,False,False,False,False,False,False,False,False,False,False,True,False,False,False,False,False,False,False,False,False,False,True,False,False,False,False,False,False,False,False
2025,8,2025-05-25,1,0,0,0,0,Bearman,20.0,12,6,0,16,20,0,6,20,2.0249999999999915,False,False,False,False,False,False,False,False,False,False,False,False,True,False,False,False,False,False,False,False,False,False,False,False,False,False,False,True,False,False,False,False,False,False,False,False,False,False,False,False,False,True,False,False,False,False,False,False
2025,9,2025-06-01,1,0,0,0,0,Piastri,1.0,1,161,4,1,319,6,1,24,0.0,False,False,False,False,True,False,False,False,False,False,False,False,False,False,False,False,False,False,False,False,False,False,False,False,False,True,False,False,False,False,False,False,False,False,False,False,False,False,False,False,False,False,True,False,False,False,False,False
2025,9,2025-06-01,1,0,0,0,0,Norris,2.0,2,158,2,2,319,6,1,25,0.20900000000000318,False,False,False,False,True,False,False,False,False,False,False,False,False,False,False,False,False,False,False,False,False,False,False,False,False,False,False,True,False,False,False,False,False,False,False,False,False,False,False,False,False,False,True,False,False,False,False,False
2025,9,2025-06-01,1,0,0,0,0,Verstappen,3.0,10,136,2,3,143,2,3,27,0.3020000000000067,False,False,False,False,True,False,False,False,False,False,False,False,False,False,False,False,False,False,False,False,False,False,False,False,False,False,False,False,False,True,False,False,False,False,False,False,False,False,False,False,False,False,False,False,False,True,False,False
2025,9,2025-06-01,1,0,0,0,0,Russell,4.0,4,99,0,4,147,0,2,27,0.3020000000000067,False,False,False,False,True,False,False,False,False,False,False,False,False,False,False,False,False,False,False,False,False,False,False,False,False,False,False,True,False,False,False,False,False,False,False,False,False,False,False,False,False,False,False,True,False,False,False,False
2025,9,2025-06-01,1,0,0,0,0,Hamilton,5.0,6,63,0,6,142,0,4,40,0.49900000000000944,False,False,False,False,True,False,False,False,False,False,False,False,False,False,False,False,False,False,False,False,False,False,False,False,False,False,False,True,False,False,False,False,False,False,False,False,False,False,False,False,True,False,False,False,False,False,False,False
2025,9,2025-06-01,1,0,0,0,0,Antonelli,6.0,18,48,0,7,147,0,2,18,0.5650000000000119,False,False,False,False,True,False,False,False,False,False,False,False,False,False,False,False,False,False,False,False,False,False,False,False,False,False,False,False,False,False,False,False,True,False,False,False,False,False,False,False,False,False,False,True,False,False,False,False
2025,9,2025-06-01,1,0,0,0,0,Leclerc,7.0,3,79,0,5,142,0,4,27,0.585000000000008,False,False,False,False,True,False,False,False,False,False,False,False,False,False,False,False,False,False,False,False,False,False,False,False,False,False,False,False,False,False,False,False,False,False,True,False,False,False,False,False,True,False,False,False,False,False,False,False
2025,9,2025-06-01,1,0,0,0,0,Gasly,8.0,8,7,0,14,7,0,9,29,0.6530000000000058,False,False,False,False,True,False,False,False,False,False,False,False,False,False,False,False,False,False,False,False,False,False,False,False,False,False,False,False,False,False,True,False,False,False,False,False,False,False,True,False,False,False,False,False,False,False,False,False
2025,9,2025-06-01,1,0,0,0,0,Hadjar,9.0,7,15,0,10,22,0,7,20,0.7060000000000031,False,False,False,False,True,False,False,False,False,False,False,False,False,False,False,False,False,False,False,False,False,False,False,False,False,False,False,False,False,False,True,False,False,False,False,False,False,False,False,False,False,False,False,False,True,False,False,False
2025,9,2025-06-01,1,0,0,0,0,Alonso,10.0,9,0,0,18,14,0,8,43,0.7380000000000138,False,False,False,False,True,False,False,False,False,False,False,False,False,False,False,False,False,False,False,False,False,False,False,False,False,False,False,False,False,False,False,False,False,False,False,False,True,False,False,True,False,False,False,False,False,False,False,False
2025,9,2025-06-01,1,0,0,0,0,Albon,11.0,19,42,0,8,54,0,5,29,1.095000000000013,False,False,False,False,True,False,False,False,False,False,False,False,False,False,False,False,False,False,False,False,False,False,False,False,False,False,False,False,False,False,False,False,False,False,False,False,False,True,False,False,False,False,False,False,False,False,False,True
2025,9,2025-06-01,1,0,0,0,0,Bortoleto,12.0,12,0,0,21,6,0,10,20,1.210000000000008,False,False,False,False,True,False,False,False,False,False,False,False,False,False,False,False,False,False,False,False,False,False,False,False,False,False,True,False,False,False,False,False,False,False,False,False,False,False,False,False,False,False,False,False,False,False,True,False
2025,9,2025-06-01,1,0,0,0,0,Lawson,13.0,11,4,0,17,22,0,7,23,1.217000000000013,False,False,False,False,True,False,False,False,False,False,False,False,False,False,False,False,False,False,False,False,False,False,False,False,False,False,False,False,False,False,False,False,False,False,False,True,False,False,False,False,False,False,False,False,True,False,False,False
2025,9,2025-06-01,1,0,0,0,0,Bearman,14.0,17,6,0,16,26,0,6,20,1.7690000000000055,False,False,False,False,True,False,False,False,False,False,False,False,False,False,False,False,False,False,False,False,False,False,False,False,False,False,False,True,False,False,False,False,False,False,False,False,False,False,False,False,False,True,False,False,False,False,False,False
2025,9,2025-06-01,1,0,0,0,0,Hulkenberg,15.0,5,6,0,15,6,0,10,37,1.6440000000000055,False,False,False,False,True,False,False,False,False,False,False,False,False,False,False,False,False,False,False,False,False,False,False,False,False,False,False,False,False,False,False,True,False,False,False,False,False,False,False,False,False,False,False,False,False,False,True,False
2025,9,2025-06-01,1,0,0,0,0,Ocon,16.0,16,20,0,9,26,0,6,28,1.6550000000000011,False,False,False,False,True,False,False,False,False,False,False,False,False,False,False,False,False,False,False,False,False,False,False,False,False,False,False,False,False,False,True,False,False,False,False,False,False,False,False,False,False,True,False,False,False,False,False,False
2025,9,2025-06-01,1,0,0,0,0,Sainz,17.0,14,12,0,12,54,0,5,30,1.6570000000000107,False,False,False,False,True,False,False,False,False,False,False,False,False,False,False,False,False,False,False,False,False,False,False,False,False,False,False,False,False,False,False,False,False,False,False,False,True,False,False,False,False,False,False,False,False,False,False,True
2025,9,2025-06-01,1,0,0,0,0,Colapinto,18.0,15,0,0,20,7,0,9,22,1.788000000000011,False,False,False,False,True,False,False,False,False,False,False,False,False,False,False,False,False,False,False,False,False,False,False,False,True,False,False,False,False,False,False,False,False,False,False,False,False,False,True,False,False,False,False,False,False,False,False,False
2025,9,2025-06-01,1,0,0,0,0,Tsunoda,19.0,13,10,0,13,143,2,3,25,1.8390000000000128,False,False,False,False,True,False,False,False,False,False,False,False,False,False,False,False,False,False,False,False,False,False,False,False,False,False,False,False,False,False,False,False,False,True,False,False,False,False,False,False,False,False,False,False,False,True,False,False
2025,10,2025-06-15,1,0,0,0,0,Russell,1.0,1,111,0,4,159,0,3,27,0.0,False,False,False,False,False,False,False,False,False,False,False,False,False,False,False,False,False,False,False,False,False,True,False,False,False,False,False,True,False,False,False,False,False,False,False,False,False,False,False,False,False,False,False,True,False,False,False,False
2025,10,2025-06-15,1,0,0,0,0,Verstappen,2.0,2,137,2,3,144,2,4,27,0.1599999999999966,False,False,False,False,False,False,False,False,False,False,False,False,False,False,False,False,False,False,False,False,False,True,False,False,False,False,False,False,False,True,False,False,False,False,False,False,False,False,False,False,False,False,False,False,False,True,False,False
2025,10,2025-06-15,1,0,0,0,0,Piastri,3.0,4,186,5,1,362,7,1,24,0.22100000000000364,False,False,False,False,False,False,False,False,False,False,False,False,False,False,False,False,False,False,False,False,False,True,False,False,False,True,False,False,False,False,False,False,False,False,False,False,False,False,False,False,False,False,True,False,False,False,False,False
2025,10,2025-06-15,1,0,0,0,0,Antonelli,4.0,3,48,0,7,159,0,3,18,0.49200000000000443,False,False,False,False,False,False,False,False,False,False,False,False,False,False,False,False,False,False,False,False,False,True,False,False,False,False,False,False,False,False,False,False,True,False,False,False,False,False,False,False,False,False,False,True,False,False,False,False
2025,10,2025-06-15,1,0,0,0,0,Hamilton,5.0,6,71,0,6,165,0,2,40,0.6269999999999953,False,False,False,False,False,False,False,False,False,False,False,False,False,False,False,False,False,False,False,False,False,True,False,False,False,False,False,True,False,False,False,False,False,False,False,False,False,False,False,False,True,False,False,False,False,False,False,False
2025,10,2025-06-15,1,0,0,0,0,Alonso,6.0,7,2,0,18,16,0,9,43,0.6869999999999976,False,False,False,False,False,False,False,False,False,False,False,False,False,False,False,False,False,False,False,False,False,True,False,False,False,False,False,False,False,False,False,False,False,False,False,False,True,False,False,True,False,False,False,False,False,False,False,False
2025,10,2025-06-15,1,0,0,0,0,Norris,7.0,18,176,2,2,362,7,1,25,0.7259999999999991,False,False,False,False,False,False,False,False,False,False,False,False,False,False,False,False,False,False,False,False,False,True,False,False,False,False,False,True,False,False,False,False,False,False,False,False,False,False,False,False,False,False,True,False,False,False,False,False
2025,10,2025-06-15,1,0,0,0,0,Leclerc,8.0,5,94,0,5,165,0,2,27,0.7830000000000013,False,False,False,False,False,False,False,False,False,False,False,False,False,False,False,False,False,False,False,False,False,True,False,False,False,False,False,False,False,False,False,False,False,False,True,False,False,False,False,False,True,False,False,False,False,False,False,False
2025,10,2025-06-15,1,0,0,0,0,Albon,9.0,20,42,0,8,54,0,5,29,1.0079999999999956,False,False,False,False,False,False,False,False,False,False,False,False,False,False,False,False,False,False,False,False,False,True,False,False,False,False,False,False,False,False,False,False,False,False,False,False,False,True,False,False,False,False,False,False,False,False,False,True
2025,10,2025-06-15,1,0,0,0,0,Colapinto,10.0,13,0,0,21,11,0,10,22,1.242999999999995,False,False,False,False,False,False,False,False,False,False,False,False,False,False,False,False,False,False,False,False,False,True,False,False,True,False,False,False,False,False,False,False,False,False,False,False,False,False,True,False,False,False,False,False,False,False,False,False
2025,10,2025-06-15,1,0,0,0,0,Hulkenberg,11.0,8,16,0,11,16,0,8,37,1.2839999999999918,False,False,False,False,False,False,False,False,False,False,False,False,False,False,False,False,False,False,False,False,False,True,False,False,False,False,False,False,False,False,False,True,False,False,False,False,False,False,False,False,False,False,False,False,False,False,True,False
2025,10,2025-06-15,1,0,0,0,0,Hadjar,12.0,16,21,0,9,28,0,6,20,0.9680000000000035,False,False,False,False,False,False,False,False,False,False,False,False,False,False,False,False,False,False,False,False,False,True,False,False,False,False,False,False,False,False,True,False,False,False,False,False,False,False,False,False,False,False,False,False,True,False,False,False
2025,10,2025-06-15,1,0,0,0,0,Bearman,13.0,11,6,0,16,26,0,7,20,1.4410000000000025,False,False,False,False,False,False,False,False,False,False,False,False,False,False,False,False,False,False,False,False,False,True,False,False,False,False,False,True,False,False,False,False,False,False,False,False,False,False,False,False,False,True,False,False,False,False,False,False
2025,10,2025-06-15,1,0,0,0,0,Ocon,14.0,9,20,0,10,26,0,7,28,1.7349999999999994,False,False,False,False,False,False,False,False,False,False,False,False,False,False,False,False,False,False,False,False,False,True,False,False,False,False,False,False,False,False,True,False,False,False,False,False,False,False,False,False,False,True,False,False,False,False,False,False
2025,10,2025-06-15,1,0,0,0,0,Bortoleto,15.0,14,0,0,19,16,0,8,20,1.4860000000000042,False,False,False,False,False,False,False,False,False,False,False,False,False,False,False,False,False,False,False,False,False,True,False,False,False,False,True,False,False,False,False,False,False,False,False,False,False,False,False,False,False,False,False,False,False,False,True,False
2025,10,2025-06-15,1,0,0,0,0,Sainz,16.0,10,12,0,13,54,0,5,30,1.4989999999999952,False,False,False,False,False,False,False,False,False,False,False,False,False,False,False,False,False,False,False,False,False,True,False,False,False,False,False,False,False,False,False,False,False,False,False,False,True,False,False,False,False,False,False,False,False,False,False,True
2025,10,2025-06-15,1,0,0,0,0,Stroll,17.0,17,14,0,12,16,0,9,26,1.617999999999995,False,False,False,False,False,False,False,False,False,False,False,False,False,False,False,False,False,False,False,False,False,True,False,False,False,False,False,False,True,False,False,False,False,False,False,False,False,False,False,True,False,False,False,False,False,False,False,False
2025,10,2025-06-15,1,0,0,0,0,Tsunoda,18.0,12,10,0,15,144,2,4,25,1.203000000000003,False,False,False,False,False,False,False,False,False,False,False,False,False,False,False,False,False,False,False,False,False,True,False,False,False,False,False,False,False,False,False,False,False,True,False,False,False,False,False,False,False,False,False,False,False,True,False,False
2025,10,2025-06-15,1,0,0,0,0,Lawson,19.0,19,4,0,17,28,0,6,23,1.6260000000000048,False,False,False,False,False,False,False,False,False,False,False,False,False,False,False,False,False,False,False,False,False,True,False,False,False,False,False,False,False,False,False,False,False,False,False,True,False,False,False,False,False,False,False,False,True,False,False,False
2025,10,2025-06-15,1,0,0,0,0,Gasly,20.0,15,11,0,14,11,0,10,29,1.7680000000000007,False,False,False,False,False,False,False,False,False,False,False,False,False,False,False,False,False,False,False,False,False,True,False,False,False,False,False,False,False,False,True,False,False,False,False,False,False,False,True,False,False,False,False,False,False,False,False,False
2025,11,2025-06-29,1,0,0,0,0,Norris,1.0,1,176,2,2,374,7,1,25,0.0,False,False,False,False,False,False,False,False,False,False,False,False,False,False,True,False,False,False,False,False,False,False,False,False,False,False,False,True,False,False,False,False,False,False,False,False,False,False,False,False,False,False,True,False,False,False,False,False
2025,11,2025-06-29,1,0,0,0,0,Leclerc,2.0,3,104,0,5,183,0,3,27,0.5210000000000008,False,False,False,False,False,False,False,False,False,False,False,False,False,False,True,False,False,False,False,False,False,False,False,False,False,False,False,False,False,False,False,False,False,False,True,False,False,False,False,False,True,False,False,False,False,False,False,False
2025,11,2025-06-29,1,0,0,0,0,Piastri,3.0,2,198,5,1,374,7,1,24,0.5829999999999984,False,False,False,False,False,False,False,False,False,False,False,False,False,False,True,False,False,False,False,False,False,False,False,False,False,True,False,False,False,False,False,False,False,False,False,False,False,False,False,False,False,False,True,False,False,False,False,False
2025,11,2025-06-29,1,0,0,0,0,Hamilton,4.0,4,79,0,6,183,0,3,40,0.61099999999999,False,False,False,False,False,False,False,False,False,False,False,False,False,False,True,False,False,False,False,False,False,False,False,False,False,False,False,True,False,False,False,False,False,False,False,False,False,False,False,False,True,False,False,False,False,False,False,False
2025,11,2025-06-29,1,0,0,0,0,Russell,5.0,5,136,1,4,199,1,2,27,0.7920000000000016,False,False,False,False,False,False,False,False,False,False,False,False,False,False,True,False,False,False,False,False,False,False,False,False,False,False,False,True,False,False,False,False,False,False,False,False,False,False,False,False,False,False,False,True,False,False,False,False
2025,11,2025-06-29,1,0,0,0,0,Lawson,6.0,6,4,0,18,28,0,7,23,0.9549999999999983,False,False,False,False,False,False,False,False,False,False,False,False,False,False,True,False,False,False,False,False,False,False,False,False,False,False,False,False,False,False,False,False,False,False,False,True,False,False,False,False,False,False,False,False,True,False,False,False
2025,11,2025-06-29,1,0,0,0,0,Verstappen,7.0,18,155,2,3,162,2,4,27,0.9579999999999984,False,False,False,False,False,False,False,False,False,False,False,False,False,False,True,False,False,False,False,False,False,False,False,False,False,False,False,False,False,True,False,False,False,False,False,False,False,False,False,False,False,False,False,False,False,True,False,False
2025,11,2025-06-29,1,0,0,0,0,Bortoleto,8.0,8,0,0,19,20,0,9,20,1.1610000000000014,False,False,False,False,False,False,False,False,False,False,False,False,False,False,True,False,False,False,False,False,False,False,False,False,False,False,True,False,False,False,False,False,False,False,False,False,False,False,False,False,False,False,False,False,False,False,True,False
2025,11,2025-06-29,1,0,0,0,0,Antonelli,9.0,19,63,0,7,199,1,2,18,1.3049999999999926,False,False,False,False,False,False,False,False,False,False,False,False,False,False,True,False,False,False,False,False,False,False,False,False,False,False,False,False,False,False,False,False,True,False,False,False,False,False,False,False,False,False,False,True,False,False,False,False
2025,11,2025-06-29,1,0,0,0,0,Gasly,10.0,13,11,0,14,11,0,10,29,1.6779999999999973,False,False,False,False,False,False,False,False,False,False,False,False,False,False,True,False,False,False,False,False,False,False,False,False,False,False,False,False,False,False,True,False,False,False,False,False,False,False,True,False,False,False,False,False,False,False,False,False
2025,11,2025-06-29,1,0,0,0,0,Alonso,11.0,7,8,0,16,22,0,8,43,1.1569999999999965,False,False,False,False,False,False,False,False,False,False,False,False,False,False,True,False,False,False,False,False,False,False,False,False,False,False,False,False,False,False,False,False,False,False,False,False,True,False,False,True,False,False,False,False,False,False,False,False
2025,11,2025-06-29,1,0,0,0,0,Albon,12.0,17,42,0,8,55,0,5,29,1.2339999999999947,False,False,False,False,False,False,False,False,False,False,False,False,False,False,True,False,False,False,False,False,False,False,False,False,False,False,False,False,False,False,False,False,False,False,False,False,False,True,False,False,False,False,False,False,False,False,False,True
2025,11,2025-06-29,1,0,0,0,0,Hadjar,13.0,12,21,0,10,28,0,7,20,1.2549999999999955,False,False,False,False,False,False,False,False,False,False,False,False,False,False,True,False,False,False,False,False,False,False,False,False,False,False,False,False,False,False,True,False,False,False,False,False,False,False,False,False,False,False,False,False,True,False,False,False
2025,11,2025-06-29,1,0,0,0,0,Colapinto,14.0,15,0,0,20,11,0,10,22,1.316999999999993,False,False,False,False,False,False,False,False,False,False,False,False,False,False,True,False,False,False,False,False,False,False,False,False,True,False,False,False,False,False,False,False,False,False,False,False,False,False,True,False,False,False,False,False,False,False,False,False
2025,11,2025-06-29,1,0,0,0,0,Bearman,15.0,11,6,0,17,28,0,6,20,1.340999999999994,False,False,False,False,False,False,False,False,False,False,False,False,False,False,True,False,False,False,False,False,False,False,False,False,False,False,False,True,False,False,False,False,False,False,False,False,False,False,False,False,False,True,False,False,False,False,False,False
2025,11,2025-06-29,1,0,0,0,0,Stroll,16.0,14,14,0,12,22,0,8,26,1.3579999999999899,False,False,False,False,False,False,False,False,False,False,False,False,False,False,True,False,False,False,False,False,False,False,False,False,False,False,False,False,True,False,False,False,False,False,False,False,False,False,False,True,False,False,False,False,False,False,False,False
2025,11,2025-06-29,1,0,0,0,0,Ocon,17.0,10,22,0,9,28,0,6,28,1.3930000000000007,False,False,False,False,False,False,False,False,False,False,False,False,False,False,True,False,False,False,False,False,False,False,False,False,False,False,False,False,False,False,True,False,False,False,False,False,False,False,False,False,False,True,False,False,False,False,False,False
2025,11,2025-06-29,1,0,0,0,0,Tsunoda,18.0,16,10,0,15,162,2,4,25,1.3979999999999961,False,False,False,False,False,False,False,False,False,False,False,False,False,False,True,False,False,False,False,False,False,False,False,False,False,False,False,False,False,False,False,False,False,True,False,False,False,False,False,False,False,False,False,False,False,True,False,False
2025,11,2025-06-29,1,0,0,0,0,Sainz,19.0,20,13,0,13,55,0,5,30,1.61099999999999,False,False,False,False,False,False,False,False,False,False,False,False,False,False,True,False,False,False,False,False,False,False,False,False,False,False,False,False,False,False,False,False,False,False,False,False,True,False,False,False,False,False,False,False,False,False,False,True
2025,11,2025-06-29,1,0,0,0,0,Hulkenberg,20.0,9,20,0,11,20,0,9,37,1.634999999999991,False,False,False,False,False,False,False,False,False,False,False,False,False,False,True,False,False,False,False,False,False,False,False,False,False,False,False,False,False,False,False,True,False,False,False,False,False,False,False,False,False,False,False,False,False,False,True,False
2025,12,2025-07-06,0,0,0,1,0,Verstappen,1.0,5,155,2,3,162,2,4,27,0.0,False,False,False,False,False,False,False,False,False,False,False,False,False,False,False,False,False,True,False,False,False,False,False,False,False,False,False,False,False,True,False,False,False,False,False,False,False,False,False,False,False,False,False,False,False,True,False,False
2025,12,2025-07-06,0,0,0,1,0,Piastri,2.0,2,216,5,1,417,8,1,24,0.10300000000000864,False,False,False,False,False,False,False,False,False,False,False,False,False,False,False,False,False,True,False,False,False,False,False,False,False,True,False,False,False,False,False,False,False,False,False,False,False,False,False,False,False,False,True,False,False,False,False,False
2025,12,2025-07-06,0,0,0,1,0,Norris,3.0,1,201,3,2,417,8,1,25,0.11800000000000921,False,False,False,False,False,False,False,False,False,False,False,False,False,False,False,False,False,True,False,False,False,False,False,False,False,False,False,True,False,False,False,False,False,False,False,False,False,False,False,False,False,False,True,False,False,False,False,False
2025,12,2025-07-06,0,0,0,1,0,Russell,4.0,10,146,1,4,209,1,3,27,0.13700000000000045,False,False,False,False,False,False,False,False,False,False,False,False,False,False,False,False,False,True,False,False,False,False,False,False,False,False,False,True,False,False,False,False,False,False,False,False,False,False,False,False,False,False,False,True,False,False,False,False
2025,12,2025-07-06,0,0,0,1,0,Hamilton,5.0,4,91,0,6,210,0,2,40,0.20300000000000296,False,False,False,False,False,False,False,False,False,False,False,False,False,False,False,False,False,True,False,False,False,False,False,False,False,False,False,True,False,False,False,False,False,False,False,False,False,False,False,False,True,False,False,False,False,False,False,False
2025,12,2025-07-06,0,0,0,1,0,Leclerc,6.0,14,119,0,5,210,0,2,27,0.2289999999999992,False,False,False,False,False,False,False,False,False,False,False,False,False,False,False,False,False,True,False,False,False,False,False,False,False,False,False,False,False,False,False,False,False,False,True,False,False,False,False,False,True,False,False,False,False,False,False,False
2025,12,2025-07-06,0,0,0,1,0,Alonso,7.0,9,14,0,13,28,0,8,43,0.7289999999999992,False,False,False,False,False,False,False,False,False,False,False,False,False,False,False,False,False,True,False,False,False,False,False,False,False,False,False,False,False,False,False,False,False,False,False,False,True,False,False,True,False,False,False,False,False,False,False,False
2025,12,2025-07-06,0,0,0,1,0,Gasly,8.0,6,11,0,16,11,0,10,29,0.8930000000000007,False,False,False,False,False,False,False,False,False,False,False,False,False,False,False,False,False,True,False,False,False,False,False,False,False,False,False,False,False,False,True,False,False,False,False,False,False,False,True,False,False,False,False,False,False,False,False,False
2025,12,2025-07-06,0,0,0,1,0,Sainz,9.0,12,13,0,14,55,0,5,30,0.8539999999999992,False,False,False,False,False,False,False,False,False,False,False,False,False,False,False,False,False,True,False,False,False,False,False,False,False,False,False,False,False,False,False,False,False,False,False,False,True,False,False,False,False,False,False,False,False,False,False,True
2025,12,2025-07-06,0,0,0,1,0,Antonelli,10.0,16,63,0,7,209,1,3,18,0.4819999999999993,False,False,False,False,False,False,False,False,False,False,False,False,False,False,False,False,False,True,False,False,False,False,False,False,False,False,False,False,False,False,False,False,True,False,False,False,False,False,False,False,False,False,False,True,False,False,False,False
2025,12,2025-07-06,0,0,0,1,0,Tsunoda,11.0,15,10,0,17,162,2,4,25,0.9339999999999975,False,False,False,False,False,False,False,False,False,False,False,False,False,False,False,False,False,True,False,False,False,False,False,False,False,False,False,False,False,False,False,False,False,True,False,False,False,False,False,False,False,False,False,False,False,True,False,False
2025,12,2025-07-06,0,0,0,1,0,Hadjar,12.0,17,21,0,11,36,0,6,20,0.9720000000000084,False,False,False,False,False,False,False,False,False,False,False,False,False,False,False,False,False,True,False,False,False,False,False,False,False,False,False,False,False,False,True,False,False,False,False,False,False,False,False,False,False,False,False,False,True,False,False,False
2025,12,2025-07-06,0,0,0,1,0,Albon,13.0,8,42,0,8,55,0,5,29,0.9969999999999999,False,False,False,False,False,False,False,False,False,False,False,False,False,False,False,False,False,True,False,False,False,False,False,False,False,False,False,False,False,False,False,False,False,False,False,False,False,True,False,False,False,False,False,False,False,False,False,True
2025,12,2025-07-06,0,0,0,1,0,Ocon,14.0,13,23,0,9,29,0,7,28,1.058000000000007,False,False,False,False,False,False,False,False,False,False,False,False,False,False,False,False,False,True,False,False,False,False,False,False,False,False,False,False,False,False,True,False,False,False,False,False,False,False,False,False,False,True,False,False,False,False,False,False
2025,12,2025-07-06,0,0,0,1,0,Lawson,15.0,19,12,0,15,36,0,6,23,1.5480000000000018,False,False,False,False,False,False,False,False,False,False,False,False,False,False,False,False,False,True,False,False,False,False,False,False,False,False,False,False,False,False,False,False,False,False,False,True,False,False,False,False,False,False,False,False,True,False,False,False
2025,12,2025-07-06,0,0,0,1,0,Bortoleto,16.0,18,4,0,19,26,0,9,20,1.554000000000002,False,False,False,False,False,False,False,False,False,False,False,False,False,False,False,False,False,True,False,False,False,False,False,False,False,False,True,False,False,False,False,False,False,False,False,False,False,False,False,False,False,False,False,False,False,False,True,False
2025,12,2025-07-06,0,0,0,1,0,Stroll,17.0,7,14,0,12,28,0,8,26,1.612000000000009,False,False,False,False,False,False,False,False,False,False,False,False,False,False,False,False,False,True,False,False,False,False,False,False,False,False,False,False,True,False,False,False,False,False,False,False,False,False,False,True,False,False,False,False,False,False,False,False
2025,12,2025-07-06,0,0,0,1,0,Bearman,18.0,11,6,0,18,29,0,7,20,0.5790000000000077,False,False,False,False,False,False,False,False,False,False,False,False,False,False,False,False,False,True,False,False,False,False,False,False,False,False,False,True,False,False,False,False,False,False,False,False,False,False,False,False,False,True,False,False,False,False,False,False
2025,12,2025-07-06,0,0,0,1,0,Hulkenberg,19.0,3,22,0,10,26,0,9,37,1.6820000000000022,False,False,False,False,False,False,False,False,False,False,False,False,False,False,False,False,False,True,False,False,False,False,False,False,False,False,False,False,False,False,False,True,False,False,False,False,False,False,False,False,False,False,False,False,False,False,True,False
2025,12,2025-07-06,0,0,0,1,0,Colapinto,20.0,20,0,0,20,11,0,10,22,2.1680000000000064,False,False,False,False,False,False,False,False,False,False,False,False,False,False,False,False,False,True,False,False,False,False,False,False,True,False,False,False,False,False,False,False,False,False,False,False,False,False,True,False,False,False,False,False,False,False,False,False
2025,13,2025-07-27,0,0,0,0,1,Norris,1.0,2,226,4,2,460,9,1,25,0.0,False,False,False,False,False,False,False,False,False,False,False,False,False,False,False,False,False,False,True,False,False,False,False,False,False,False,False,True,False,False,False,False,False,False,False,False,False,False,False,False,False,False,True,False,False,False,False,False
2025,13,2025-07-27,0,0,0,0,1,Piastri,2.0,1,234,5,1,460,9,1,24,0.08499999999999375,False,False,False,False,False,False,False,False,False,False,False,False,False,False,False,False,False,False,True,False,False,False,False,False,False,True,False,False,False,False,False,False,False,False,False,False,False,False,False,False,False,False,True,False,False,False,False,False
2025,13,2025-07-27,0,0,0,0,1,Leclerc,3.0,3,119,0,5,222,0,2,27,0.33800000000000807,False,False,False,False,False,False,False,False,False,False,False,False,False,False,False,False,False,False,True,False,False,False,False,False,False,False,False,False,False,False,False,False,False,False,True,False,False,False,False,False,True,False,False,False,False,False,False,False
2025,13,2025-07-27,0,0,0,0,1,Verstappen,4.0,4,165,2,3,172,2,4,27,0.340999999999994,False,False,False,False,False,False,False,False,False,False,False,False,False,False,False,False,False,False,True,False,False,False,False,False,False,False,False,False,False,True,False,False,False,False,False,False,False,False,False,False,False,False,False,False,False,True,False,False
2025,13,2025-07-27,0,0,0,0,1,Albon,5.0,6,46,0,8,59,0,5,29,0.6389999999999958,False,False,False,False,False,False,False,False,False,False,False,False,False,False,False,False,False,False,True,False,False,False,False,False,False,False,False,False,False,False,False,False,False,False,False,False,False,True,False,False,False,False,False,False,False,False,False,True
2025,13,2025-07-27,0,0,0,0,1,Russell,6.0,5,147,1,4,210,1,3,27,0.6979999999999933,False,False,False,False,False,False,False,False,False,False,False,False,False,False,False,False,False,False,True,False,False,False,False,False,False,False,False,True,False,False,False,False,False,False,False,False,False,False,False,False,False,False,False,True,False,False,False,False
2025,13,2025-07-27,0,0,0,0,1,Tsunoda,7.0,13,10,0,17,172,2,4,25,0.7219999999999942,False,False,False,False,False,False,False,False,False,False,False,False,False,False,False,False,False,False,True,False,False,False,False,False,False,False,False,False,False,False,False,False,False,True,False,False,False,False,False,False,False,False,False,False,False,True,False,False
2025,13,2025-07-27,0,0,0,0,1,Hadjar,8.0,20,21,0,11,36,0,7,20,0.7480000000000047,False,False,False,False,False,False,False,False,False,False,False,False,False,False,False,False,False,False,True,False,False,False,False,False,False,False,False,False,False,False,True,False,False,False,False,False,False,False,False,False,False,False,False,False,True,False,False,False
2025,13,2025-07-27,0,0,0,0,1,Lawson,9.0,8,12,0,16,36,0,7,23,0.7660000000000053,False,False,False,False,False,False,False,False,False,False,False,False,False,False,False,False,False,False,True,False,False,False,False,False,False,False,False,False,False,False,False,False,False,False,False,True,False,False,False,False,False,False,False,False,True,False,False,False
2025,13,2025-07-27,0,0,0,0,1,Bortoleto,10.0,9,4,0,19,41,0,6,20,1.8250000000000028,False,False,False,False,False,False,False,False,False,False,False,False,False,False,False,False,False,False,True,False,False,False,False,False,False,False,True,False,False,False,False,False,False,False,False,False,False,False,False,False,False,False,False,False,False,False,True,False
2025,13,2025-07-27,0,0,0,0,1,Ocon,11.0,15,23,0,10,29,0,9,28,0.9630000000000081,False,False,False,False,False,False,False,False,False,False,False,False,False,False,False,False,False,False,True,False,False,False,False,False,False,False,False,False,False,False,True,False,False,False,False,False,False,False,False,False,False,True,False,False,False,False,False,False
2025,13,2025-07-27,0,0,0,0,1,Bearman,12.0,11,6,0,18,29,0,9,20,1.0549999999999926,False,False,False,False,False,False,False,False,False,False,False,False,False,False,False,False,False,False,True,False,False,False,False,False,False,False,False,True,False,False,False,False,False,False,False,False,False,False,False,False,False,True,False,False,False,False,False,False
2025,13,2025-07-27,0,0,0,0,1,Gasly,13.0,10,19,0,13,19,0,10,29,1.0710000000000122,False,False,False,False,False,False,False,False,False,False,False,False,False,False,False,False,False,False,True,False,False,False,False,False,False,False,False,False,False,False,True,False,False,False,False,False,False,False,True,False,False,False,False,False,False,False,False,False
2025,13,2025-07-27,0,0,0,0,1,Hulkenberg,14.0,12,37,0,9,41,0,6,37,1.144999999999996,False,False,False,False,False,False,False,False,False,False,False,False,False,False,False,False,False,False,True,False,False,False,False,False,False,False,False,False,False,False,False,True,False,False,False,False,False,False,False,False,False,False,False,False,False,False,True,False
2025,13,2025-07-27,0,0,0,0,1,Colapinto,15.0,19,0,0,20,19,0,10,22,1.4599999999999937,False,False,False,False,False,False,False,False,False,False,False,False,False,False,False,False,False,False,True,False,False,False,False,False,True,False,False,False,False,False,False,False,False,False,False,False,False,False,True,False,False,False,False,False,False,False,False,False
2025,13,2025-07-27,0,0,0,0,1,Stroll,16.0,14,20,0,12,36,0,8,26,1.940000000000012,False,False,False,False,False,False,False,False,False,False,False,False,False,False,False,False,False,False,True,False,False,False,False,False,False,False,False,False,True,False,False,False,False,False,False,False,False,False,False,True,False,False,False,False,False,False,False,False
2025,13,2025-07-27,0,0,0,0,1,Sainz,17.0,18,13,0,15,59,0,5,30,1.1960000000000122,False,False,False,False,False,False,False,False,False,False,False,False,False,False,False,False,False,False,True,False,False,False,False,False,False,False,False,False,False,False,False,False,False,False,False,False,True,False,False,False,False,False,False,False,False,False,False,True
2025,13,2025-07-27,0,0,0,0,1,Hamilton,18.0,7,103,0,6,222,0,2,40,1.3769999999999953,False,False,False,False,False,False,False,False,False,False,False,False,False,False,False,False,False,False,True,False,False,False,False,False,False,False,False,True,False,False,False,False,False,False,False,False,False,False,False,False,True,False,False,False,False,False,False,False
2025,13,2025-07-27,0,0,0,0,1,Antonelli,19.0,16,63,0,7,210,1,3,18,1.5770000000000124,False,False,False,False,False,False,False,False,False,False,False,False,False,False,False,False,False,False,True,False,False,False,False,False,False,False,False,False,False,False,False,False,True,False,False,False,False,False,False,False,False,False,False,True,False,False,False,False
2025,13,2025-07-27,0,0,0,0,1,Alonso,20.0,17,16,0,14,36,0,8,43,1.8229999999999933,False,False,False,False,False,False,False,False,False,False,False,False,False,False,False,False,False,False,True,False,False,False,False,False,False,False,False,False,False,False,False,False,False,False,False,False,True,False,False,True,False,False,False,False,False,False,False,False
2025,14,2025-08-03,0,0,0,0,1,Leclerc,1.0,4,139,0,5,248,0,2,27,0.0,False,False,False,False,False,True,False,False,False,False,False,False,False,False,False,False,False,False,False,False,False,False,False,False,False,False,False,False,False,False,False,False,False,False,True,False,False,False,False,False,True,False,False,False,False,False,False,False
2025,14,2025-08-03,0,0,0,0,1,Piastri,2.0,2,266,6,1,516,10,1,24,0.02599999999999625,False,False,False,False,False,True,False,False,False,False,False,False,False,False,False,False,False,False,False,False,False,False,False,False,False,True,False,False,False,False,False,False,False,False,False,False,False,False,False,False,False,False,True,False,False,False,False,False
2025,14,2025-08-03,0,0,0,0,1,Norris,3.0,1,250,4,2,516,10,1,25,0.04099999999999682,False,False,False,False,False,True,False,False,False,False,False,False,False,False,False,False,False,False,False,False,False,False,False,False,False,False,False,True,False,False,False,False,False,False,False,False,False,False,False,False,False,False,True,False,False,False,False,False
2025,14,2025-08-03,0,0,0,0,1,Russell,4.0,3,157,1,4,220,1,3,27,0.05299999999999727,False,False,False,False,False,True,False,False,False,False,False,False,False,False,False,False,False,False,False,False,False,False,False,False,False,False,False,True,False,False,False,False,False,False,False,False,False,False,False,False,False,False,False,True,False,False,False,False
2025,14,2025-08-03,0,0,0,0,1,Alonso,5.0,5,16,0,15,36,0,8,44,0.10899999999999466,False,False,False,False,False,True,False,False,False,False,False,False,False,False,False,False,False,False,False,False,False,False,False,False,False,False,False,False,False,False,False,False,False,False,False,False,True,False,False,True,False,False,False,False,False,False,False,False
2025,14,2025-08-03,0,0,0,0,1,Stroll,6.0,7,20,0,13,36,0,8,26,0.12600000000000477,False,False,False,False,False,True,False,False,False,False,False,False,False,False,False,False,False,False,False,False,False,False,False,False,False,False,False,False,True,False,False,False,False,False,False,False,False,False,False,True,False,False,False,False,False,False,False,False
2025,14,2025-08-03,0,0,0,0,1,Bortoleto,7.0,6,6,0,19,43,0,6,20,0.35299999999999443,False,False,False,False,False,True,False,False,False,False,False,False,False,False,False,False,False,False,False,False,False,False,False,False,False,False,True,False,False,False,False,False,False,False,False,False,False,False,False,False,False,False,False,False,False,False,True,False
2025,14,2025-08-03,0,0,0,0,1,Verstappen,8.0,9,185,2,3,192,2,4,27,0.35599999999999454,False,False,False,False,False,True,False,False,False,False,False,False,False,False,False,False,False,False,False,False,False,False,False,False,False,False,False,False,False,True,False,False,False,False,False,False,False,False,False,False,False,False,False,False,False,True,False,False
2025,14,2025-08-03,0,0,0,0,1,Lawson,9.0,8,16,0,14,41,0,7,23,0.44899999999999807,False,False,False,False,False,True,False,False,False,False,False,False,False,False,False,False,False,False,False,False,False,False,False,False,False,False,False,False,False,False,False,False,False,False,False,True,False,False,False,False,False,False,False,False,True,False,False,False
2025,14,2025-08-03,0,0,0,0,1,Hadjar,10.0,11,22,0,11,41,0,7,20,0.5429999999999922,False,False,False,False,False,True,False,False,False,False,False,False,False,False,False,False,False,False,False,False,False,False,False,False,False,False,False,False,False,False,True,False,False,False,False,False,False,False,False,False,False,False,False,False,True,False,False,False
2025,14,2025-08-03,0,0,0,0,1,Bearman,11.0,20,8,0,18,35,0,9,20,0.32200000000000273,False,False,False,False,False,True,False,False,False,False,False,False,False,False,False,False,False,False,False,False,False,False,False,False,False,False,False,True,False,False,False,False,False,False,False,False,False,False,False,False,False,True,False,False,False,False,False,False
2025,14,2025-08-03,0,0,0,0,1,Hamilton,12.0,12,109,0,6,248,0,2,40,0.3299999999999983,False,False,False,False,False,True,False,False,False,False,False,False,False,False,False,False,False,False,False,False,False,False,False,False,False,False,False,True,False,False,False,False,False,False,False,False,False,False,False,False,True,False,False,False,False,False,False,False
2025,14,2025-08-03,0,0,0,0,1,Sainz,13.0,14,16,0,16,70,0,5,30,0.409000000000006,False,False,False,False,False,True,False,False,False,False,False,False,False,False,False,False,False,False,False,False,False,False,False,False,False,False,False,False,False,False,False,False,False,False,False,False,True,False,False,False,False,False,False,False,False,False,False,True
2025,14,2025-08-03,0,0,0,0,1,Colapinto,14.0,18,0,0,20,20,0,10,22,0.7869999999999919,False,False,False,False,False,True,False,False,False,False,False,False,False,False,False,False,False,False,False,False,False,False,False,False,True,False,False,False,False,False,False,False,False,False,False,False,False,False,True,False,False,False,False,False,False,False,False,False
2025,14,2025-08-03,0,0,0,0,1,Antonelli,15.0,10,63,0,7,220,1,3,18,1.0139999999999958,False,False,False,False,False,True,False,False,False,False,False,False,False,False,False,False,False,False,False,False,False,False,False,False,False,False,False,False,False,False,False,False,True,False,False,False,False,False,False,False,False,False,False,True,False,False,False,False
2025,14,2025-08-03,0,0,0,0,1,Gasly,16.0,19,20,0,12,20,0,10,29,0.5939999999999941,False,False,False,False,False,True,False,False,False,False,False,False,False,False,False,False,False,False,False,False,False,False,False,False,False,False,False,False,False,False,True,False,False,False,False,False,False,False,True,False,False,False,False,False,False,False,False,False
2025,14,2025-08-03,0,0,0,0,1,Ocon,17.0,16,27,0,10,35,0,9,28,0.6509999999999962,False,False,False,False,False,True,False,False,False,False,False,False,False,False,False,False,False,False,False,False,False,False,False,False,False,False,False,False,False,False,True,False,False,False,False,False,False,False,False,False,False,True,False,False,False,False,False,False
2025,14,2025-08-03,0,0,0,0,1,Hulkenberg,18.0,13,37,0,9,43,0,6,37,0.7090000000000032,False,False,False,False,False,True,False,False,False,False,False,False,False,False,False,False,False,False,False,False,False,False,False,False,False,False,False,False,False,False,False,True,False,False,False,False,False,False,False,False,False,False,False,False,False,False,True,False
2025,14,2025-08-03,0,0,0,0,1,Albon,19.0,15,54,0,8,70,0,5,29,0.8509999999999991,False,False,False,False,False,True,False,False,False,False,False,False,False,False,False,False,False,False,False,False,False,False,False,False,False,False,False,False,False,False,False,False,False,False,False,False,False,True,False,False,False,False,False,False,False,False,False,True
2025,14,2025-08-03,0,0,0,0,1,Tsunoda,20.0,17,10,0,17,192,2,4,25,0.527000000000001,False,False,False,False,False,True,False,False,False,False,False,False,False,False,False,False,False,False,False,False,False,False,False,False,False,False,False,False,False,False,False,False,False,True,False,False,False,False,False,False,False,False,False,False,False,True,False,False
2025,15,2025-08-31,0,0,0,0,1,Piastri,1.0,1,284,6,1,559,11,1,24,0.0,False,False,False,False,False,False,False,False,False,False,False,False,False,False,False,False,False,False,False,False,False,False,False,True,False,True,False,False,False,False,False,False,False,False,False,False,False,False,False,False,False,False,True,False,False,False,False,False
2025,15,2025-08-31,0,0,0,0,1,Norris,2.0,18,275,5,2,559,11,1,25,0.012000000000000455,False,False,False,False,False,False,False,False,False,False,False,False,False,False,False,False,False,False,False,False,False,False,False,True,False,False,False,True,False,False,False,False,False,False,False,False,False,False,False,False,False,False,True,False,False,False,False,False
2025,15,2025-08-31,0,0,0,0,1,Verstappen,3.0,2,187,2,3,194,2,4,27,0.262999999999991,False,False,False,False,False,False,False,False,False,False,False,False,False,False,False,False,False,False,False,False,False,False,False,True,False,False,False,False,False,True,False,False,False,False,False,False,False,False,False,False,False,False,False,False,False,True,False,False
2025,15,2025-08-31,0,0,0,0,1,Hadjar,4.0,3,22,0,13,45,0,8,20,0.5459999999999923,False,False,False,False,False,False,False,False,False,False,False,False,False,False,False,False,False,False,False,False,False,False,False,True,False,False,False,False,False,False,True,False,False,False,False,False,False,False,False,False,False,False,False,False,True,False,False,False
2025,15,2025-08-31,0,0,0,0,1,Russell,5.0,4,172,1,4,236,1,3,27,0.5929999999999893,False,False,False,False,False,False,False,False,False,False,False,False,False,False,False,False,False,False,False,False,False,False,False,True,False,False,False,True,False,False,False,False,False,False,False,False,False,False,False,False,False,False,False,True,False,False,False,False
2025,15,2025-08-31,0,0,0,0,1,Leclerc,6.0,19,151,0,5,260,0,2,27,0.6779999999999973,False,False,False,False,False,False,False,False,False,False,False,False,False,False,False,False,False,False,False,False,False,False,False,True,False,False,False,False,False,False,False,False,False,False,True,False,False,False,False,False,True,False,False,False,False,False,False,False
2025,15,2025-08-31,0,0,0,0,1,Hamilton,7.0,20,109,0,6,260,0,2,40,0.7279999999999944,False,False,False,False,False,False,False,False,False,False,False,False,False,False,False,False,False,False,False,False,False,False,False,True,False,False,False,True,False,False,False,False,False,False,False,False,False,False,False,False,True,False,False,False,False,False,False,False
2025,15,2025-08-31,0,0,0,0,1,Lawson,8.0,12,20,0,15,45,0,8,23,0.8379999999999939,False,False,False,False,False,False,False,False,False,False,False,False,False,False,False,False,False,False,False,False,False,False,False,True,False,False,False,False,False,False,False,False,False,False,False,True,False,False,False,False,False,False,False,False,True,False,False,False
2025,15,2025-08-31,0,0,0,0,1,Sainz,9.0,13,16,0,16,70,0,5,30,0.8429999999999893,False,False,False,False,False,False,False,False,False,False,False,False,False,False,False,False,False,False,False,False,False,False,False,True,False,False,False,False,False,False,False,False,False,False,False,False,True,False,False,False,False,False,False,False,False,False,False,True
2025,15,2025-08-31,0,0,0,0,1,Alonso,10.0,8,26,0,11,52,0,6,44,0.9679999999999893,False,False,False,False,False,False,False,False,False,False,False,False,False,False,False,False,False,False,False,False,False,False,False,True,False,False,False,False,False,False,False,False,False,False,False,False,True,False,False,True,False,False,False,False,False,False,False,False
2025,15,2025-08-31,0,0,0,0,1,Antonelli,11.0,16,64,0,7,236,1,3,19,0.8309999999999889,False,False,False,False,False,False,False,False,False,False,False,False,False,False,False,False,False,False,False,False,False,False,False,True,False,False,False,False,False,False,False,False,True,False,False,False,False,False,False,False,False,False,False,True,False,False,False,False
2025,15,2025-08-31,0,0,0,0,1,Tsunoda,12.0,9,10,0,18,194,2,4,25,0.9599999999999937,False,False,False,False,False,False,False,False,False,False,False,False,False,False,False,False,False,False,False,False,False,False,False,True,False,False,False,False,False,False,False,False,False,True,False,False,False,False,False,False,False,False,False,False,False,True,False,False
2025,15,2025-08-31,0,0,0,0,1,Bortoleto,13.0,15,14,0,17,51,0,7,20,0.9599999999999937,False,False,False,False,False,False,False,False,False,False,False,False,False,False,False,False,False,False,False,False,False,False,False,True,False,False,True,False,False,False,False,False,False,False,False,False,False,False,False,False,False,False,False,False,False,False,True,False
2025,15,2025-08-31,0,0,0,0,1,Gasly,14.0,17,20,0,14,20,0,10,29,0.9749999999999943,False,False,False,False,False,False,False,False,False,False,False,False,False,False,False,False,False,False,False,False,False,False,False,True,False,False,False,False,False,False,True,False,False,False,False,False,False,False,True,False,False,False,False,False,False,False,False,False
2025,15,2025-08-31,0,0,0,0,1,Albon,15.0,5,54,0,8,70,0,5,29,0.9899999999999949,False,False,False,False,False,False,False,False,False,False,False,False,False,False,False,False,False,False,False,False,False,False,False,True,False,False,False,False,False,False,False,False,False,False,False,False,False,True,False,False,False,False,False,False,False,False,False,True
2025,15,2025-08-31,0,0,0,0,1,Colapinto,16.0,11,0,0,20,20,0,10,22,1.441999999999993,False,False,False,False,False,False,False,False,False,False,False,False,False,False,False,False,False,False,False,False,False,False,False,True,True,False,False,False,False,False,False,False,False,False,False,False,False,False,True,False,False,False,False,False,False,False,False,False
2025,15,2025-08-31,0,0,0,0,1,Hulkenberg,17.0,14,37,0,9,51,0,7,38,1.532999999999987,False,False,False,False,False,False,False,False,False,False,False,False,False,False,False,False,False,False,False,False,False,False,False,True,False,False,False,False,False,False,False,True,False,False,False,False,False,False,False,False,False,False,False,False,False,False,True,False
2025,15,2025-08-31,0,0,0,0,1,Ocon,18.0,10,27,0,10,35,0,9,28,1.5349999999999966,False,False,False,False,False,False,False,False,False,False,False,False,False,False,False,False,False,False,False,False,False,False,False,True,False,False,False,False,False,False,True,False,False,False,False,False,False,False,False,False,False,True,False,False,False,False,False,False
2025,15,2025-08-31,0,0,0,0,1,Stroll,19.0,7,26,0,12,52,0,6,26,1.5999999999999943,False,False,False,False,False,False,False,False,False,False,False,False,False,False,False,False,False,False,False,False,False,False,False,True,False,False,False,False,True,False,False,False,False,False,False,False,False,False,False,True,False,False,False,False,False,False,False,False
2025,15,2025-08-31,0,0,0,0,1,Bearman,20.0,6,8,0,19,35,0,9,20,1.5999999999999943,False,False,False,False,False,False,False,False,False,False,False,False,False,False,False,False,False,False,False,False,False,False,False,True,False,False,False,True,False,False,False,False,False,False,False,False,False,False,False,False,False,True,False,False,False,False,False,False
2025,16,2025-09-07,1,0,0,0,0,Verstappen,1.0,1,205,2,3,214,2,4,27,0.0,False,False,False,False,False,False,False,False,False,False,False,False,False,True,False,False,False,False,False,False,False,False,False,False,False,False,False,False,False,True,False,False,False,False,False,False,False,False,False,False,False,False,False,False,False,True,False,False
2025,16,2025-09-07,1,0,0,0,0,Norris,2.0,2,275,5,2,584,12,1,25,0.07699999999999818,False,False,False,False,False,False,False,False,False,False,False,False,False,True,False,False,False,False,False,False,False,False,False,False,False,False,False,True,False,False,False,False,False,False,False,False,False,False,False,False,False,False,True,False,False,False,False,False
2025,16,2025-09-07,1,0,0,0,0,Piastri,3.0,3,309,7,1,584,12,1,24,0.18999999999999773,False,False,False,False,False,False,False,False,False,False,False,False,False,True,False,False,False,False,False,False,False,False,False,False,False,True,False,False,False,False,False,False,False,False,False,False,False,False,False,False,False,False,True,False,False,False,False,False
2025,16,2025-09-07,1,0,0,0,0,Leclerc,4.0,4,151,0,5,260,0,2,27,0.2150000000000034,False,False,False,False,False,False,False,False,False,False,False,False,False,True,False,False,False,False,False,False,False,False,False,False,False,False,False,False,False,False,False,False,False,False,True,False,False,False,False,False,True,False,False,False,False,False,False,False
2025,16,2025-09-07,1,0,0,0,0,Russell,5.0,5,184,1,4,248,1,3,27,0.3649999999999949,False,False,False,False,False,False,False,False,False,False,False,False,False,True,False,False,False,False,False,False,False,False,False,False,False,False,False,True,False,False,False,False,False,False,False,False,False,False,False,False,False,False,False,True,False,False,False,False
2025,16,2025-09-07,1,0,0,0,0,Antonelli,6.0,9,64,0,7,248,1,3,19,0.40800000000000125,False,False,False,False,False,False,False,False,False,False,False,False,False,True,False,False,False,False,False,False,False,False,False,False,False,False,False,False,False,False,False,False,True,False,False,False,False,False,False,False,False,False,False,True,False,False,False,False
2025,16,2025-09-07,1,0,0,0,0,Bortoleto,7.0,8,14,0,18,51,0,8,20,0.597999999999999,False,False,False,False,False,False,False,False,False,False,False,False,False,True,False,False,False,False,False,False,False,False,False,False,False,False,True,False,False,False,False,False,False,False,False,False,False,False,False,False,False,False,False,False,False,False,True,False
2025,16,2025-09-07,1,0,0,0,0,Alonso,8.0,19,30,0,12,62,0,6,44,0.632000000000005,False,False,False,False,False,False,False,False,False,False,False,False,False,True,False,False,False,False,False,False,False,False,False,False,False,False,False,False,False,False,False,False,False,False,False,False,True,False,False,True,False,False,False,False,False,False,False,False
2025,16,2025-09-07,1,0,0,0,0,Tsunoda,9.0,13,12,0,19,214,2,4,25,0.7270000000000039,False,False,False,False,False,False,False,False,False,False,False,False,False,True,False,False,False,False,False,False,False,False,False,False,False,False,False,False,False,False,False,False,False,True,False,False,False,False,False,False,False,False,False,False,False,True,False,False
2025,16,2025-09-07,1,0,0,0,0,Hamilton,10.0,6,109,0,6,260,0,2,40,0.33199999999999363,False,False,False,False,False,False,False,False,False,False,False,False,False,True,False,False,False,False,False,False,False,False,False,False,False,False,False,True,False,False,False,False,False,False,False,False,False,False,False,False,True,False,False,False,False,False,False,False
2025,16,2025-09-07,1,0,0,0,0,Bearman,11.0,12,16,0,16,44,0,9,20,0.6539999999999964,False,False,False,False,False,False,False,False,False,False,False,False,False,True,False,False,False,False,False,False,False,False,False,False,False,False,False,True,False,False,False,False,False,False,False,False,False,False,False,False,False,True,False,False,False,False,False,False
2025,16,2025-09-07,1,0,0,0,0,Hulkenberg,12.0,20,37,0,9,51,0,8,38,0.7060000000000031,False,False,False,False,False,False,False,False,False,False,False,False,False,True,False,False,False,False,False,False,False,False,False,False,False,False,False,False,False,False,False,True,False,False,False,False,False,False,False,False,False,False,False,False,False,False,True,False
2025,16,2025-09-07,1,0,0,0,0,Sainz,13.0,11,16,0,17,80,0,5,31,0.73599999999999,False,False,False,False,False,False,False,False,False,False,False,False,False,True,False,False,False,False,False,False,False,False,False,False,False,False,False,False,False,False,False,False,False,False,False,False,True,False,False,False,False,False,False,False,False,False,False,True
2025,16,2025-09-07,1,0,0,0,0,Albon,14.0,7,64,0,8,80,0,5,29,0.7909999999999968,False,False,False,False,False,False,False,False,False,False,False,False,False,True,False,False,False,False,False,False,False,False,False,False,False,False,False,False,False,False,False,False,False,False,False,False,False,True,False,False,False,False,False,False,False,False,False,True
2025,16,2025-09-07,1,0,0,0,0,Ocon,15.0,15,28,0,13,44,0,9,28,0.914999999999992,False,False,False,False,False,False,False,False,False,False,False,False,False,True,False,False,False,False,False,False,False,False,False,False,False,False,False,False,False,False,True,False,False,False,False,False,False,False,False,False,False,True,False,False,False,False,False,False
2025,16,2025-09-07,1,0,0,0,0,Stroll,16.0,18,32,0,11,62,0,6,26,1.156000000000006,False,False,False,False,False,False,False,False,False,False,False,False,False,True,False,False,False,False,False,False,False,False,False,False,False,False,False,False,True,False,False,False,False,False,False,False,False,False,False,True,False,False,False,False,False,False,False,False
2025,16,2025-09-07,1,0,0,0,0,Colapinto,17.0,17,0,0,20,20,0,10,22,1.2000000000000028,False,False,False,False,False,False,False,False,False,False,False,False,False,True,False,False,False,False,False,False,False,False,False,False,True,False,False,False,False,False,False,False,False,False,False,False,False,False,True,False,False,False,False,False,False,False,False,False
2025,16,2025-09-07,1,0,0,0,0,Lawson,18.0,14,20,0,15,60,0,7,23,1.4869999999999948,False,False,False,False,False,False,False,False,False,False,False,False,False,True,False,False,False,False,False,False,False,False,False,False,False,False,False,False,False,False,False,False,False,False,False,True,False,False,False,False,False,False,False,False,True,False,False,False
2025,16,2025-09-07,1,0,0,0,0,Hadjar,19.0,10,37,0,10,60,0,7,20,1.125,False,False,False,False,False,False,False,False,False,False,False,False,False,True,False,False,False,False,False,False,False,False,False,False,False,False,False,False,False,False,True,False,False,False,False,False,False,False,False,False,False,False,False,False,True,False,False,False
2025,16,2025-09-07,1,0,0,0,0,Gasly,20.0,16,20,0,14,20,0,10,29,1.311000000000007,False,False,False,False,False,False,False,False,False,False,False,False,False,True,False,False,False,False,False,False,False,False,False,False,False,False,False,False,False,False,True,False,False,False,False,False,False,False,True,False,False,False,False,False,False,False,False,False
2025,17,2025-09-21,0,0,0,0,1,Verstappen,1.0,1,230,3,3,239,3,4,27,0.0,False,False,False,True,False,False,False,False,False,False,False,False,False,False,False,False,False,False,False,False,False,False,False,False,False,False,False,False,False,True,False,False,False,False,False,False,False,False,False,False,False,False,False,False,False,True,False,False
2025,17,2025-09-21,0,0,0,0,1,Sainz,2.0,3,16,0,18,86,0,5,31,0.47800000000000864,False,False,False,True,False,False,False,False,False,False,False,False,False,False,False,False,False,False,False,False,False,False,False,False,False,False,False,False,False,False,False,False,False,False,False,False,True,False,False,False,False,False,False,False,False,False,False,True
2025,17,2025-09-21,0,0,0,0,1,Lawson,3.0,5,20,0,15,61,0,7,23,0.5900000000000034,False,False,False,True,False,False,False,False,False,False,False,False,False,False,False,False,False,False,False,False,False,False,False,False,False,False,False,False,False,False,False,False,False,False,False,True,False,False,False,False,False,False,False,False,True,False,False,False
2025,17,2025-09-21,0,0,0,0,1,Antonelli,4.0,4,66,0,8,260,1,3,19,0.6000000000000085,False,False,False,True,False,False,False,False,False,False,False,False,False,False,False,False,False,False,False,False,False,False,False,False,False,False,False,False,False,False,False,False,True,False,False,False,False,False,False,False,False,False,False,True,False,False,False,False
2025,17,2025-09-21,0,0,0,0,1,Russell,5.0,2,194,1,4,260,1,3,27,0.953000000000003,False,False,False,True,False,False,False,False,False,False,False,False,False,False,False,False,False,False,False,False,False,False,False,False,False,False,False,True,False,False,False,False,False,False,False,False,False,False,False,False,False,False,False,True,False,False,False,False
2025,17,2025-09-21,0,0,0,0,1,Tsunoda,6.0,6,12,0,19,239,3,4,25,1.0260000000000105,False,False,False,True,False,False,False,False,False,False,False,False,False,False,False,False,False,False,False,False,False,False,False,False,False,False,False,False,False,False,False,False,False,True,False,False,False,False,False,False,False,False,False,False,False,True,False,False
2025,17,2025-09-21,0,0,0,0,1,Norris,7.0,7,293,5,2,617,12,1,25,1.122000000000014,False,False,False,True,False,False,False,False,False,False,False,False,False,False,False,False,False,False,False,False,False,False,False,False,False,False,False,True,False,False,False,False,False,False,False,False,False,False,False,False,False,False,True,False,False,False,False,False
2025,17,2025-09-21,0,0,0,0,1,Hadjar,8.0,10,38,0,9,61,0,7,20,1.2550000000000097,False,False,False,True,False,False,False,False,False,False,False,False,False,False,False,False,False,False,False,False,False,False,False,False,False,False,False,False,False,False,True,False,False,False,False,False,False,False,False,False,False,False,False,False,True,False,False,False
2025,17,2025-09-21,0,0,0,0,1,Piastri,9.0,20,324,7,1,617,12,1,24,1.2550000000000097,False,False,False,True,False,False,False,False,False,False,False,False,False,False,False,False,False,False,False,False,False,False,False,False,False,True,False,False,False,False,False,False,False,False,False,False,False,False,False,False,False,False,True,False,False,False,False,False
2025,17,2025-09-21,0,0,0,0,1,Leclerc,10.0,9,163,0,5,280,0,2,27,1.2550000000000097,False,False,False,True,False,False,False,False,False,False,False,False,False,False,False,False,False,False,False,False,False,False,False,False,False,False,False,False,False,False,False,False,False,False,True,False,False,False,False,False,True,False,False,False,False,False,False,False
2025,17,2025-09-21,0,0,0,0,1,Alonso,11.0,15,30,0,12,62,0,6,44,0.7400000000000091,False,False,False,True,False,False,False,False,False,False,False,False,False,False,False,False,False,False,False,False,False,False,False,False,False,False,False,False,False,False,False,False,False,False,False,False,True,False,False,True,False,False,False,False,False,False,False,False
2025,17,2025-09-21,0,0,0,0,1,Hamilton,12.0,8,117,0,6,280,0,2,40,1.0660000000000025,False,False,False,True,False,False,False,False,False,False,False,False,False,False,False,False,False,False,False,False,False,False,False,False,False,False,False,True,False,False,False,False,False,False,False,False,False,False,False,False,True,False,False,False,False,False,False,False
2025,17,2025-09-21,0,0,0,0,1,Bortoleto,13.0,11,18,0,16,55,0,8,20,1.1600000000000108,False,False,False,True,False,False,False,False,False,False,False,False,False,False,False,False,False,False,False,False,False,False,False,False,False,False,True,False,False,False,False,False,False,False,False,False,False,False,False,False,False,False,False,False,False,False,True,False
2025,17,2025-09-21,0,0,0,0,1,Stroll,14.0,17,32,0,11,62,0,6,26,1.9440000000000168,False,False,False,True,False,False,False,False,False,False,False,False,False,False,False,False,False,False,False,False,False,False,False,False,False,False,False,False,True,False,False,False,False,False,False,False,False,False,False,True,False,False,False,False,False,False,False,False
2025,17,2025-09-21,0,0,0,0,1,Bearman,15.0,12,16,0,17,44,0,9,20,1.9440000000000168,False,False,False,True,False,False,False,False,False,False,False,False,False,False,False,False,False,False,False,False,False,False,False,False,False,False,False,True,False,False,False,False,False,False,False,False,False,False,False,False,False,True,False,False,False,False,False,False
2025,17,2025-09-21,0,0,0,0,1,Colapinto,16.0,19,0,0,20,20,0,10,22,1.6620000000000061,False,False,False,True,False,False,False,False,False,False,False,False,False,False,False,False,False,False,False,False,False,False,False,False,True,False,False,False,False,False,False,False,False,False,False,False,False,False,True,False,False,False,False,False,False,False,False,False
2025,17,2025-09-21,0,0,0,0,1,Hulkenberg,17.0,16,37,0,10,55,0,8,38,1.7990000000000066,False,False,False,True,False,False,False,False,False,False,False,False,False,False,False,False,False,False,False,False,False,False,False,False,False,False,False,False,False,False,False,True,False,False,False,False,False,False,False,False,False,False,False,False,False,False,True,False
2025,17,2025-09-21,0,0,0,0,1,Gasly,18.0,18,20,0,14,20,0,10,29,2.02200000000002,False,False,False,True,False,False,False,False,False,False,False,False,False,False,False,False,False,False,False,False,False,False,False,False,False,False,False,False,False,False,True,False,False,False,False,False,False,False,True,False,False,False,False,False,False,False,False,False
2025,17,2025-09-21,0,0,0,0,1,Albon,19.0,13,70,0,7,86,0,5,29,2.6610000000000014,False,False,False,True,False,False,False,False,False,False,False,False,False,False,False,False,False,False,False,False,False,False,False,False,False,False,False,False,False,False,False,False,False,False,False,False,False,True,False,False,False,False,False,False,False,False,False,True
2025,17,2025-09-21,0,0,0,0,1,Ocon,20.0,14,28,0,13,44,0,9,29,2.6610000000000014,False,False,False,True,False,False,False,False,False,False,False,False,False,False,False,False,False,False,False,False,False,False,False,False,False,False,False,False,False,False,True,False,False,False,False,False,False,False,False,False,False,True,False,False,False,False,False,False
2025,18,2025-10-05,1,0,0,0,0,Russell,1.0,1,212,1,4,290,1,2,27,0.0,False,False,False,False,False,False,False,False,False,False,True,False,False,False,False,False,False,False,False,False,False,False,False,False,False,False,False,True,False,False,False,False,False,False,False,False,False,False,False,False,False,False,False,True,False,False,False,False
2025,18,2025-10-05,1,0,0,0,0,Verstappen,2.0,2,255,4,3,272,4,4,28,0.18200000000000216,False,False,False,False,False,False,False,False,False,False,True,False,False,False,False,False,False,False,False,False,False,False,False,False,False,False,False,False,False,True,False,False,False,False,False,False,False,False,False,False,False,False,False,False,False,True,False,False
2025,18,2025-10-05,1,0,0,0,0,Piastri,3.0,4,324,7,1,623,12,1,24,0.36599999999999966,False,False,False,False,False,False,False,False,False,False,True,False,False,False,False,False,False,False,False,False,False,False,False,False,False,True,False,False,False,False,False,False,False,False,False,False,False,False,False,False,False,False,True,False,False,False,False,False
2025,18,2025-10-05,1,0,0,0,0,Antonelli,4.0,5,78,0,7,290,1,2,19,0.3790000000000049,False,False,False,False,False,False,False,False,False,False,True,False,False,False,False,False,False,False,False,False,False,False,False,False,False,False,False,False,False,False,False,False,True,False,False,False,False,False,False,False,False,False,False,True,False,False,False,False
2025,18,2025-10-05,1,0,0,0,0,Norris,5.0,3,299,5,2,623,12,1,25,0.42799999999999727,False,False,False,False,False,False,False,False,False,False,True,False,False,False,False,False,False,False,False,False,False,False,False,False,False,False,False,True,False,False,False,False,False,False,False,False,False,False,False,False,False,False,True,False,False,False,False,False
2025,18,2025-10-05,1,0,0,0,0,Hamilton,6.0,8,121,0,6,286,0,3,40,0.5300000000000011,False,False,False,False,False,False,False,False,False,False,True,False,False,False,False,False,False,False,False,False,False,False,False,False,False,False,False,True,False,False,False,False,False,False,False,False,False,False,False,False,True,False,False,False,False,False,False,False
2025,18,2025-10-05,1,0,0,0,0,Leclerc,7.0,6,165,0,5,286,0,3,27,0.6259999999999906,False,False,False,False,False,False,False,False,False,False,True,False,False,False,False,False,False,False,False,False,False,False,False,False,False,False,False,False,False,False,False,False,False,False,True,False,False,False,False,False,True,False,False,False,False,False,False,False
2025,18,2025-10-05,1,0,0,0,0,Hadjar,8.0,11,39,0,9,72,0,6,21,0.6880000000000024,False,False,False,False,False,False,False,False,False,False,True,False,False,False,False,False,False,False,False,False,False,False,False,False,False,False,False,False,False,False,True,False,False,False,False,False,False,False,False,False,False,False,False,False,True,False,False,False
2025,18,2025-10-05,1,0,0,0,0,Bearman,9.0,9,16,0,19,44,0,9,20,0.7099999999999937,False,False,False,False,False,False,False,False,False,False,True,False,False,False,False,False,False,False,False,False,False,False,False,False,False,False,False,True,False,False,False,False,False,False,False,False,False,False,False,False,False,True,False,False,False,False,False,False
2025,18,2025-10-05,1,0,0,0,0,Alonso,10.0,7,30,0,14,62,0,7,44,0.796999999999997,False,False,False,False,False,False,False,False,False,False,True,False,False,False,False,False,False,False,False,False,False,False,False,False,False,False,False,False,False,False,False,False,False,False,False,False,True,False,False,True,False,False,False,False,False,False,False,False
2025,18,2025-10-05,1,0,0,0,0,Hulkenberg,11.0,20,37,0,10,55,0,8,38,0.9829999999999899,False,False,False,False,False,False,False,False,False,False,True,False,False,False,False,False,False,False,False,False,False,False,False,False,False,False,False,False,False,False,False,True,False,False,False,False,False,False,False,False,False,False,False,False,False,False,True,False
2025,18,2025-10-05,1,0,0,0,0,Lawson,12.0,15,30,0,13,72,0,6,23,1.161999999999992,False,False,False,False,False,False,False,False,False,False,True,False,False,False,False,False,False,False,False,False,False,False,False,False,False,False,False,False,False,False,False,False,False,False,False,True,False,False,False,False,False,False,False,False,True,False,False,False
2025,18,2025-10-05,1,0,0,0,0,Tsunoda,13.0,12,20,0,17,272,4,4,25,1.1950000000000074,False,False,False,False,False,False,False,False,False,False,True,False,False,False,False,False,False,False,False,False,False,False,False,False,False,False,False,False,False,False,False,False,False,True,False,False,False,False,False,False,False,False,False,False,False,True,False,False
2025,18,2025-10-05,1,0,0,0,0,Bortoleto,14.0,17,18,0,18,55,0,8,20,1.661999999999992,False,False,False,False,False,False,False,False,False,False,True,False,False,False,False,False,False,False,False,False,False,False,False,False,False,False,True,False,False,False,False,False,False,False,False,False,False,False,False,False,False,False,False,False,False,False,True,False
2025,18,2025-10-05,1,0,0,0,0,Stroll,15.0,13,32,0,11,62,0,7,26,1.7909999999999968,False,False,False,False,False,False,False,False,False,False,True,False,False,False,False,False,False,False,False,False,False,False,False,False,False,False,False,False,True,False,False,False,False,False,False,False,False,False,False,True,False,False,False,False,False,False,False,False
2025,18,2025-10-05,1,0,0,0,0,Colapinto,16.0,16,0,0,20,20,0,10,22,1.823999999999998,False,False,False,False,False,False,False,False,False,False,True,False,False,False,False,False,False,False,False,False,False,False,False,False,True,False,False,False,False,False,False,False,False,False,False,False,False,False,True,False,False,False,False,False,False,False,False,False
2025,18,2025-10-05,1,0,0,0,0,Ocon,17.0,18,28,0,15,44,0,9,29,1.831000000000003,False,False,False,False,False,False,False,False,False,False,True,False,False,False,False,False,False,False,False,False,False,False,False,False,False,False,False,False,False,False,True,False,False,False,False,False,False,False,False,False,False,True,False,False,False,False,False,False
2025,18,2025-10-05,1,0,0,0,0,Sainz,18.0,10,31,0,12,101,0,5,31,2.1029999999999944,False,False,False,False,False,False,False,False,False,False,True,False,False,False,False,False,False,False,False,False,False,False,False,False,False,False,False,False,False,False,False,False,False,False,False,False,True,False,False,False,False,False,False,False,False,False,False,True
2025,18,2025-10-05,1,0,0,0,0,Gasly,19.0,19,20,0,16,20,0,10,29,2.1029999999999944,False,False,False,False,False,False,False,False,False,False,True,False,False,False,False,False,False,False,False,False,False,False,False,False,False,False,False,False,False,False,True,False,False,False,False,False,False,False,True,False,False,False,False,False,False,False,False,False
2025,18,2025-10-05,1,0,0,0,0,Albon,20.0,14,70,0,8,101,0,5,29,2.1029999999999944,False,False,False,False,False,False,False,False,False,False,True,False,False,False,False,False,False,False,False,False,False,False,False,False,False,False,False,False,False,False,False,False,False,False,False,False,False,True,False,False,False,False,False,False,False,False,False,True
2025,19,2025-10-19,0,0,1,0,0,Russell,4.388888888888889,10,212,1,4,290,1,2,27,0.3889444444444423,False,True,False,False,False,False,False,False,False,False,False,False,False,False,False,False,False,False,False,False,False,False,False,False,False,False,False,True,False,False,False,False,False,False,False,False,False,False,False,False,False,False,False,True,False,False,False,False
2025,19,2025-10-19,0,0,1,0,0,Verstappen,3.0555555555555554,10,255,4,3,272,4,4,28,0.2474444444444433,False,True,False,False,False,False,False,False,False,False,False,False,False,False,False,False,False,False,False,False,False,False,False,False,False,False,False,False,False,True,False,False,False,False,False,False,False,False,False,False,False,False,False,False,False,True,False,False
2025,19,2025-10-19,0,0,1,0,0,Piastri,2.5555555555555554,10,324,7,1,623,12,1,24,0.1840555555555557,False,True,False,False,False,False,False,False,False,False,False,False,False,False,False,False,False,False,False,False,False,False,False,False,False,True,False,False,False,False,False,False,False,False,False,False,False,False,False,False,False,False,True,False,False,False,False,False
2025,19,2025-10-19,0,0,1,0,0,Antonelli,8.833333333333334,10,78,0,7,290,1,2,19,0.7706111111111125,False,True,False,False,False,False,False,False,False,False,False,False,False,False,False,False,False,False,False,False,False,False,False,False,False,False,False,False,False,False,False,False,True,False,False,False,False,False,False,False,False,False,False,True,False,False,False,False
2025,19,2025-10-19,0,0,1,0,0,Norris,3.4444444444444446,10,299,5,2,623,12,1,25,0.26405555555555715,False,True,False,False,False,False,False,False,False,False,False,False,False,False,False,False,False,False,False,False,False,False,False,False,False,False,False,True,False,False,False,False,False,False,False,False,False,False,False,False,False,False,True,False,False,False,False,False
2025,19,2025-10-19,0,0,1,0,0,Hamilton,8.444444444444445,10,121,0,6,286,0,3,40,0.6808888888888858,False,True,False,False,False,False,False,False,False,False,False,False,False,False,False,False,False,False,False,False,False,False,False,False,False,False,False,True,False,False,False,False,False,False,False,False,False,False,False,False,True,False,False,False,False,False,False,False
2025,19,2025-10-19,0,0,1,0,0,Leclerc,5.444444444444445,10,165,0,5,286,0,3,27,0.4937777777777781,False,True,False,False,False,False,False,False,False,False,False,False,False,False,False,False,False,False,False,False,False,False,False,False,False,False,False,False,False,False,False,False,False,False,True,False,False,False,False,False,True,False,False,False,False,False,False,False
2025,19,2025-10-19,0,0,1,0,0,Hadjar,9.944444444444445,10,39,0,9,72,0,6,21,0.9050555555555554,False,True,False,False,False,False,False,False,False,False,False,False,False,False,False,False,False,False,False,False,False,False,False,False,False,False,False,False,False,False,True,False,False,False,False,False,False,False,False,False,False,False,False,False,True,False,False,False
2025,19,2025-10-19,0,0,1,0,0,Bearman,15.444444444444445,10,16,0,19,44,0,9,20,1.4267222222222204,False,True,False,False,False,False,False,False,False,False,False,False,False,False,False,False,False,False,False,False,False,False,False,False,False,False,False,True,False,False,False,False,False,False,False,False,False,False,False,False,False,True,False,False,False,False,False,False
2025,19,2025-10-19,0,0,1,0,0,Alonso,10.5,10,30,0,14,62,0,7,44,0.9934999999999982,False,True,False,False,False,False,False,False,False,False,False,False,False,False,False,False,False,False,False,False,False,False,False,False,False,False,False,False,False,False,False,False,False,False,False,False,True,False,False,True,False,False,False,False,False,False,False,False
2025,19,2025-10-19,0,0,1,0,0,Hulkenberg,15.5,10,37,0,10,55,0,8,38,1.4252222222222204,False,True,False,False,False,False,False,False,False,False,False,False,False,False,False,False,False,False,False,False,False,False,False,False,False,False,False,False,False,False,False,True,False,False,False,False,False,False,False,False,False,False,False,False,False,False,True,False
2025,19,2025-10-19,0,0,1,0,0,Lawson,12.833333333333334,10,30,0,13,72,0,6,23,1.2419999999999998,False,True,False,False,False,False,False,False,False,False,False,False,False,False,False,False,False,False,False,False,False,False,False,False,False,False,False,False,False,False,False,False,False,False,False,True,False,False,False,False,False,False,False,False,True,False,False,False
2025,19,2025-10-19,0,0,1,0,0,Tsunoda,12.277777777777779,10,20,0,17,272,4,4,25,1.1077222222222227,False,True,False,False,False,False,False,False,False,False,False,False,False,False,False,False,False,False,False,False,False,False,False,False,False,False,False,False,False,False,False,False,False,True,False,False,False,False,False,False,False,False,False,False,False,True,False,False
2025,19,2025-10-19,0,0,1,0,0,Bortoleto,13.722222222222221,10,18,0,18,55,0,8,20,1.4738888888888881,False,True,False,False,False,False,False,False,False,False,False,False,False,False,False,False,False,False,False,False,False,False,False,False,False,False,True,False,False,False,False,False,False,False,False,False,False,False,False,False,False,False,False,False,False,False,True,False
2025,19,2025-10-19,0,0,1,0,0,Stroll,15.470588235294118,10,32,0,11,62,0,7,26,1.581823529411765,False,True,False,False,False,False,False,False,False,False,False,False,False,False,False,False,False,False,False,False,False,False,False,False,False,False,False,False,True,False,False,False,False,False,False,False,False,False,False,True,False,False,False,False,False,False,False,False
2025,19,2025-10-19,0,0,1,0,0,Colapinto,15.833333333333334,10,0,0,20,20,0,10,22,1.6484999999999985,False,True,False,False,False,False,False,False,False,False,False,False,False,False,False,False,False,False,False,False,False,False,False,False,True,False,False,False,False,False,False,False,False,False,False,False,False,False,True,False,False,False,False,False,False,False,False,False
2025,19,2025-10-19,0,0,1,0,0,Ocon,15.277777777777779,10,28,0,15,44,0,9,29,1.4743888888888874,False,True,False,False,False,False,False,False,False,False,False,False,False,False,False,False,False,False,False,False,False,False,False,False,False,False,False,False,False,False,True,False,False,False,False,False,False,False,False,False,False,True,False,False,False,False,False,False
2025,19,2025-10-19,0,0,1,0,0,Sainz,11.666666666666666,10,31,0,12,101,0,5,31,1.035999999999999,False,True,False,False,False,False,False,False,False,False,False,False,False,False,False,False,False,False,False,False,False,False,False,False,False,False,False,False,False,False,False,False,False,False,False,False,True,False,False,False,False,False,False,False,False,False,False,True
2025,19,2025-10-19,0,0,1,0,0,Gasly,13.444444444444445,10,20,0,16,20,0,10,29,1.2362777777777803,False,True,False,False,False,False,False,False,False,False,False,False,False,False,False,False,False,False,False,False,False,False,False,False,False,False,False,False,False,False,True,False,False,False,False,False,False,False,True,False,False,False,False,False,False,False,False,False
2025,19,2025-10-19,0,0,1,0,0,Albon,11.777777777777779,10,70,0,8,101,0,5,29,1.1170555555555532,False,True,False,False,False,False,False,False,False,False,False,False,False,False,False,False,False,False,False,False,False,False,False,False,False,False,False,False,False,False,False,False,False,False,False,False,False,True,False,False,False,False,False,False,False,False,False,True
2025,20,2025-10-26,0,0,1,0,0,Russell,4.388888888888889,10,212,1,4,290,1,2,27,0.3889444444444423,False,False,False,False,False,False,False,False,False,False,False,False,False,False,False,True,False,False,False,False,False,False,False,False,False,False,False,True,False,False,False,False,False,False,False,False,False,False,False,False,False,False,False,True,False,False,False,False
2025,20,2025-10-26,0,0,1,0,0,Verstappen,3.0555555555555554,10,255,4,3,272,4,4,28,0.2474444444444433,False,False,False,False,False,False,False,False,False,False,False,False,False,False,False,True,False,False,False,False,False,False,False,False,False,False,False,False,False,True,False,False,False,False,False,False,False,False,False,False,False,False,False,False,False,True,False,False
2025,20,2025-10-26,0,0,1,0,0,Piastri,2.5555555555555554,10,324,7,1,623,12,1,24,0.1840555555555557,False,False,False,False,False,False,False,False,False,False,False,False,False,False,False,True,False,False,False,False,False,False,False,False,False,True,False,False,False,False,False,False,False,False,False,False,False,False,False,False,False,False,True,False,False,False,False,False
2025,20,2025-10-26,0,0,1,0,0,Antonelli,8.833333333333334,10,78,0,7,290,1,2,19,0.7706111111111125,False,False,False,False,False,False,False,False,False,False,False,False,False,False,False,True,False,False,False,False,False,False,False,False,False,False,False,False,False,False,False,False,True,False,False,False,False,False,False,False,False,False,False,True,False,False,False,False
2025,20,2025-10-26,0,0,1,0,0,Norris,3.4444444444444446,10,299,5,2,623,12,1,25,0.26405555555555715,False,False,False,False,False,False,False,False,False,False,False,False,False,False,False,True,False,False,False,False,False,False,False,False,False,False,False,True,False,False,False,False,False,False,False,False,False,False,False,False,False,False,True,False,False,False,False,False
2025,20,2025-10-26,0,0,1,0,0,Hamilton,8.444444444444445,10,121,0,6,286,0,3,40,0.6808888888888858,False,False,False,False,False,False,False,False,False,False,False,False,False,False,False,True,False,False,False,False,False,False,False,False,False,False,False,True,False,False,False,False,False,False,False,False,False,False,False,False,True,False,False,False,False,False,False,False
2025,20,2025-10-26,0,0,1,0,0,Leclerc,5.444444444444445,10,165,0,5,286,0,3,27,0.4937777777777781,False,False,False,False,False,False,False,False,False,False,False,False,False,False,False,True,False,False,False,False,False,False,False,False,False,False,False,False,False,False,False,False,False,False,True,False,False,False,False,False,True,False,False,False,False,False,False,False
2025,20,2025-10-26,0,0,1,0,0,Hadjar,9.944444444444445,10,39,0,9,72,0,6,21,0.9050555555555554,False,False,False,False,False,False,False,False,False,False,False,False,False,False,False,True,False,False,False,False,False,False,False,False,False,False,False,False,False,False,True,False,False,False,False,False,False,False,False,False,False,False,False,False,True,False,False,False
2025,20,2025-10-26,0,0,1,0,0,Bearman,15.444444444444445,10,16,0,19,44,0,9,20,1.4267222222222204,False,False,False,False,False,False,False,False,False,False,False,False,False,False,False,True,False,False,False,False,False,False,False,False,False,False,False,True,False,False,False,False,False,False,False,False,False,False,False,False,False,True,False,False,False,False,False,False
2025,20,2025-10-26,0,0,1,0,0,Alonso,10.5,10,30,0,14,62,0,7,44,0.9934999999999982,False,False,False,False,False,False,False,False,False,False,False,False,False,False,False,True,False,False,False,False,False,False,False,False,False,False,False,False,False,False,False,False,False,False,False,False,True,False,False,True,False,False,False,False,False,False,False,False
2025,20,2025-10-26,0,0,1,0,0,Hulkenberg,15.5,10,37,0,10,55,0,8,38,1.4252222222222204,False,False,False,False,False,False,False,False,False,False,False,False,False,False,False,True,False,False,False,False,False,False,False,False,False,False,False,False,False,False,False,True,False,False,False,False,False,False,False,False,False,False,False,False,False,False,True,False
2025,20,2025-10-26,0,0,1,0,0,Lawson,12.833333333333334,10,30,0,13,72,0,6,23,1.2419999999999998,False,False,False,False,False,False,False,False,False,False,False,False,False,False,False,True,False,False,False,False,False,False,False,False,False,False,False,False,False,False,False,False,False,False,False,True,False,False,False,False,False,False,False,False,True,False,False,False
2025,20,2025-10-26,0,0,1,0,0,Tsunoda,12.277777777777779,10,20,0,17,272,4,4,25,1.1077222222222227,False,False,False,False,False,False,False,False,False,False,False,False,False,False,False,True,False,False,False,False,False,False,False,False,False,False,False,False,False,False,False,False,False,True,False,False,False,False,False,False,False,False,False,False,False,True,False,False
2025,20,2025-10-26,0,0,1,0,0,Bortoleto,13.722222222222221,10,18,0,18,55,0,8,20,1.4738888888888881,False,False,False,False,False,False,False,False,False,False,False,False,False,False,False,True,False,False,False,False,False,False,False,False,False,False,True,False,False,False,False,False,False,False,False,False,False,False,False,False,False,False,False,False,False,False,True,False
2025,20,2025-10-26,0,0,1,0,0,Stroll,15.470588235294118,10,32,0,11,62,0,7,26,1.581823529411765,False,False,False,False,False,False,False,False,False,False,False,False,False,False,False,True,False,False,False,False,False,False,False,False,False,False,False,False,True,False,False,False,False,False,False,False,False,False,False,True,False,False,False,False,False,False,False,False
2025,20,2025-10-26,0,0,1,0,0,Colapinto,15.833333333333334,10,0,0,20,20,0,10,22,1.6484999999999985,False,False,False,False,False,False,False,False,False,False,False,False,False,False,False,True,False,False,False,False,False,False,False,False,True,False,False,False,False,False,False,False,False,False,False,False,False,False,True,False,False,False,False,False,False,False,False,False
2025,20,2025-10-26,0,0,1,0,0,Ocon,15.277777777777779,10,28,0,15,44,0,9,29,1.4743888888888874,False,False,False,False,False,False,False,False,False,False,False,False,False,False,False,True,False,False,False,False,False,False,False,False,False,False,False,False,False,False,True,False,False,False,False,False,False,False,False,False,False,True,False,False,False,False,False,False
2025,20,2025-10-26,0,0,1,0,0,Sainz,11.666666666666666,10,31,0,12,101,0,5,31,1.035999999999999,False,False,False,False,False,False,False,False,False,False,False,False,False,False,False,True,False,False,False,False,False,False,False,False,False,False,False,False,False,False,False,False,False,False,False,False,True,False,False,False,False,False,False,False,False,False,False,True
2025,20,2025-10-26,0,0,1,0,0,Gasly,13.444444444444445,10,20,0,16,20,0,10,29,1.2362777777777803,False,False,False,False,False,False,False,False,False,False,False,False,False,False,False,True,False,False,False,False,False,False,False,False,False,False,False,False,False,False,True,False,False,False,False,False,False,False,True,False,False,False,False,False,False,False,False,False
2025,20,2025-10-26,0,0,1,0,0,Albon,11.777777777777779,10,70,0,8,101,0,5,29,1.1170555555555532,False,False,False,False,False,False,False,False,False,False,False,False,False,False,False,True,False,False,False,False,False,False,False,False,False,False,False,False,False,False,False,False,False,False,False,False,False,True,False,False,False,False,False,False,False,False,False,True
2025,21,2025-11-09,0,0,1,0,0,Russell,4.388888888888889,10,212,1,4,290,1,2,27,0.3889444444444423,False,False,False,False,False,False,False,True,False,False,False,False,False,False,False,False,False,False,False,False,False,False,False,False,False,False,False,True,False,False,False,False,False,False,False,False,False,False,False,False,False,False,False,True,False,False,False,False
2025,21,2025-11-09,0,0,1,0,0,Verstappen,3.0555555555555554,10,255,4,3,272,4,4,28,0.2474444444444433,False,False,False,False,False,False,False,True,False,False,False,False,False,False,False,False,False,False,False,False,False,False,False,False,False,False,False,False,False,True,False,False,False,False,False,False,False,False,False,False,False,False,False,False,False,True,False,False
2025,21,2025-11-09,0,0,1,0,0,Piastri,2.5555555555555554,10,324,7,1,623,12,1,24,0.1840555555555557,False,False,False,False,False,False,False,True,False,False,False,False,False,False,False,False,False,False,False,False,False,False,False,False,False,True,False,False,False,False,False,False,False,False,False,False,False,False,False,False,False,False,True,False,False,False,False,False
2025,21,2025-11-09,0,0,1,0,0,Antonelli,8.833333333333334,10,78,0,7,290,1,2,19,0.7706111111111125,False,False,False,False,False,False,False,True,False,False,False,False,False,False,False,False,False,False,False,False,False,False,False,False,False,False,False,False,False,False,False,False,True,False,False,False,False,False,False,False,False,False,False,True,False,False,False,False
2025,21,2025-11-09,0,0,1,0,0,Norris,3.4444444444444446,10,299,5,2,623,12,1,25,0.26405555555555715,False,False,False,False,False,False,False,True,False,False,False,False,False,False,False,False,False,False,False,False,False,False,False,False,False,False,False,True,False,False,False,False,False,False,False,False,False,False,False,False,False,False,True,False,False,False,False,False
2025,21,2025-11-09,0,0,1,0,0,Hamilton,8.444444444444445,10,121,0,6,286,0,3,40,0.6808888888888858,False,False,False,False,False,False,False,True,False,False,False,False,False,False,False,False,False,False,False,False,False,False,False,False,False,False,False,True,False,False,False,False,False,False,False,False,False,False,False,False,True,False,False,False,False,False,False,False
2025,21,2025-11-09,0,0,1,0,0,Leclerc,5.444444444444445,10,165,0,5,286,0,3,27,0.4937777777777781,False,False,False,False,False,False,False,True,False,False,False,False,False,False,False,False,False,False,False,False,False,False,False,False,False,False,False,False,False,False,False,False,False,False,True,False,False,False,False,False,True,False,False,False,False,False,False,False
2025,21,2025-11-09,0,0,1,0,0,Hadjar,9.944444444444445,10,39,0,9,72,0,6,21,0.9050555555555554,False,False,False,False,False,False,False,True,False,False,False,False,False,False,False,False,False,False,False,False,False,False,False,False,False,False,False,False,False,False,True,False,False,False,False,False,False,False,False,False,False,False,False,False,True,False,False,False
2025,21,2025-11-09,0,0,1,0,0,Bearman,15.444444444444445,10,16,0,19,44,0,9,20,1.4267222222222204,False,False,False,False,False,False,False,True,False,False,False,False,False,False,False,False,False,False,False,False,False,False,False,False,False,False,False,True,False,False,False,False,False,False,False,False,False,False,False,False,False,True,False,False,False,False,False,False
2025,21,2025-11-09,0,0,1,0,0,Alonso,10.5,10,30,0,14,62,0,7,44,0.9934999999999982,False,False,False,False,False,False,False,True,False,False,False,False,False,False,False,False,False,False,False,False,False,False,False,False,False,False,False,False,False,False,False,False,False,False,False,False,True,False,False,True,False,False,False,False,False,False,False,False
2025,21,2025-11-09,0,0,1,0,0,Hulkenberg,15.5,10,37,0,10,55,0,8,38,1.4252222222222204,False,False,False,False,False,False,False,True,False,False,False,False,False,False,False,False,False,False,False,False,False,False,False,False,False,False,False,False,False,False,False,True,False,False,False,False,False,False,False,False,False,False,False,False,False,False,True,False
2025,21,2025-11-09,0,0,1,0,0,Lawson,12.833333333333334,10,30,0,13,72,0,6,23,1.2419999999999998,False,False,False,False,False,False,False,True,False,False,False,False,False,False,False,False,False,False,False,False,False,False,False,False,False,False,False,False,False,False,False,False,False,False,False,True,False,False,False,False,False,False,False,False,True,False,False,False
2025,21,2025-11-09,0,0,1,0,0,Tsunoda,12.277777777777779,10,20,0,17,272,4,4,25,1.1077222222222227,False,False,False,False,False,False,False,True,False,False,False,False,False,False,False,False,False,False,False,False,False,False,False,False,False,False,False,False,False,False,False,False,False,True,False,False,False,False,False,False,False,False,False,False,False,True,False,False
2025,21,2025-11-09,0,0,1,0,0,Bortoleto,13.722222222222221,10,18,0,18,55,0,8,20,1.4738888888888881,False,False,False,False,False,False,False,True,False,False,False,False,False,False,False,False,False,False,False,False,False,False,False,False,False,False,True,False,False,False,False,False,False,False,False,False,False,False,False,False,False,False,False,False,False,False,True,False
2025,21,2025-11-09,0,0,1,0,0,Stroll,15.470588235294118,10,32,0,11,62,0,7,26,1.581823529411765,False,False,False,False,False,False,False,True,False,False,False,False,False,False,False,False,False,False,False,False,False,False,False,False,False,False,False,False,True,False,False,False,False,False,False,False,False,False,False,True,False,False,False,False,False,False,False,False
2025,21,2025-11-09,0,0,1,0,0,Colapinto,15.833333333333334,10,0,0,20,20,0,10,22,1.6484999999999985,False,False,False,False,False,False,False,True,False,False,False,False,False,False,False,False,False,False,False,False,False,False,False,False,True,False,False,False,False,False,False,False,False,False,False,False,False,False,True,False,False,False,False,False,False,False,False,False
2025,21,2025-11-09,0,0,1,0,0,Ocon,15.277777777777779,10,28,0,15,44,0,9,29,1.4743888888888874,False,False,False,False,False,False,False,True,False,False,False,False,False,False,False,False,False,False,False,False,False,False,False,False,False,False,False,False,False,False,True,False,False,False,False,False,False,False,False,False,False,True,False,False,False,False,False,False
2025,21,2025-11-09,0,0,1,0,0,Sainz,11.666666666666666,10,31,0,12,101,0,5,31,1.035999999999999,False,False,False,False,False,False,False,True,False,False,False,False,False,False,False,False,False,False,False,False,False,False,False,False,False,False,False,False,False,False,False,False,False,False,False,False,True,False,False,False,False,False,False,False,False,False,False,True
2025,21,2025-11-09,0,0,1,0,0,Gasly,13.444444444444445,10,20,0,16,20,0,10,29,1.2362777777777803,False,False,False,False,False,False,False,True,False,False,False,False,False,False,False,False,False,False,False,False,False,False,False,False,False,False,False,False,False,False,True,False,False,False,False,False,False,False,True,False,False,False,False,False,False,False,False,False
2025,21,2025-11-09,0,0,1,0,0,Albon,11.777777777777779,10,70,0,8,101,0,5,29,1.1170555555555532,False,False,False,False,False,False,False,True,False,False,False,False,False,False,False,False,False,False,False,False,False,False,False,False,False,False,False,False,False,False,False,False,False,False,False,False,False,True,False,False,False,False,False,False,False,False,False,True
2025,22,2025-11-23,0,0,1,0,0,Russell,4.388888888888889,10,212,1,4,290,1,2,27,0.3889444444444423,False,False,False,False,False,False,False,False,False,False,False,False,False,False,False,False,False,False,False,False,True,False,False,False,False,False,False,True,False,False,False,False,False,False,False,False,False,False,False,False,False,False,False,True,False,False,False,False
2025,22,2025-11-23,0,0,1,0,0,Verstappen,3.0555555555555554,10,255,4,3,272,4,4,28,0.2474444444444433,False,False,False,False,False,False,False,False,False,False,False,False,False,False,False,False,False,False,False,False,True,False,False,False,False,False,False,False,False,True,False,False,False,False,False,False,False,False,False,False,False,False,False,False,False,True,False,False
2025,22,2025-11-23,0,0,1,0,0,Piastri,2.5555555555555554,10,324,7,1,623,12,1,24,0.1840555555555557,False,False,False,False,False,False,False,False,False,False,False,False,False,False,False,False,False,False,False,False,True,False,False,False,False,True,False,False,False,False,False,False,False,False,False,False,False,False,False,False,False,False,True,False,False,False,False,False
2025,22,2025-11-23,0,0,1,0,0,Antonelli,8.833333333333334,10,78,0,7,290,1,2,19,0.7706111111111125,False,False,False,False,False,False,False,False,False,False,False,False,False,False,False,False,False,False,False,False,True,False,False,False,False,False,False,False,False,False,False,False,True,False,False,False,False,False,False,False,False,False,False,True,False,False,False,False
2025,22,2025-11-23,0,0,1,0,0,Norris,3.4444444444444446,10,299,5,2,623,12,1,25,0.26405555555555715,False,False,False,False,False,False,False,False,False,False,False,False,False,False,False,False,False,False,False,False,True,False,False,False,False,False,False,True,False,False,False,False,False,False,False,False,False,False,False,False,False,False,True,False,False,False,False,False
2025,22,2025-11-23,0,0,1,0,0,Hamilton,8.444444444444445,10,121,0,6,286,0,3,40,0.6808888888888858,False,False,False,False,False,False,False,False,False,False,False,False,False,False,False,False,False,False,False,False,True,False,False,False,False,False,False,True,False,False,False,False,False,False,False,False,False,False,False,False,True,False,False,False,False,False,False,False
2025,22,2025-11-23,0,0,1,0,0,Leclerc,5.444444444444445,10,165,0,5,286,0,3,27,0.4937777777777781,False,False,False,False,False,False,False,False,False,False,False,False,False,False,False,False,False,False,False,False,True,False,False,False,False,False,False,False,False,False,False,False,False,False,True,False,False,False,False,False,True,False,False,False,False,False,False,False
2025,22,2025-11-23,0,0,1,0,0,Hadjar,9.944444444444445,10,39,0,9,72,0,6,21,0.9050555555555554,False,False,False,False,False,False,False,False,False,False,False,False,False,False,False,False,False,False,False,False,True,False,False,False,False,False,False,False,False,False,True,False,False,False,False,False,False,False,False,False,False,False,False,False,True,False,False,False
2025,22,2025-11-23,0,0,1,0,0,Bearman,15.444444444444445,10,16,0,19,44,0,9,20,1.4267222222222204,False,False,False,False,False,False,False,False,False,False,False,False,False,False,False,False,False,False,False,False,True,False,False,False,False,False,False,True,False,False,False,False,False,False,False,False,False,False,False,False,False,True,False,False,False,False,False,False
2025,22,2025-11-23,0,0,1,0,0,Alonso,10.5,10,30,0,14,62,0,7,44,0.9934999999999982,False,False,False,False,False,False,False,False,False,False,False,False,False,False,False,False,False,False,False,False,True,False,False,False,False,False,False,False,False,False,False,False,False,False,False,False,True,False,False,True,False,False,False,False,False,False,False,False
2025,22,2025-11-23,0,0,1,0,0,Hulkenberg,15.5,10,37,0,10,55,0,8,38,1.4252222222222204,False,False,False,False,False,False,False,False,False,False,False,False,False,False,False,False,False,False,False,False,True,False,False,False,False,False,False,False,False,False,False,True,False,False,False,False,False,False,False,False,False,False,False,False,False,False,True,False
2025,22,2025-11-23,0,0,1,0,0,Lawson,12.833333333333334,10,30,0,13,72,0,6,23,1.2419999999999998,False,False,False,False,False,False,False,False,False,False,False,False,False,False,False,False,False,False,False,False,True,False,False,False,False,False,False,False,False,False,False,False,False,False,False,True,False,False,False,False,False,False,False,False,True,False,False,False
2025,22,2025-11-23,0,0,1,0,0,Tsunoda,12.277777777777779,10,20,0,17,272,4,4,25,1.1077222222222227,False,False,False,False,False,False,False,False,False,False,False,False,False,False,False,False,False,False,False,False,True,False,False,False,False,False,False,False,False,False,False,False,False,True,False,False,False,False,False,False,False,False,False,False,False,True,False,False
2025,22,2025-11-23,0,0,1,0,0,Bortoleto,13.722222222222221,10,18,0,18,55,0,8,20,1.4738888888888881,False,False,False,False,False,False,False,False,False,False,False,False,False,False,False,False,False,False,False,False,True,False,False,False,False,False,True,False,False,False,False,False,False,False,False,False,False,False,False,False,False,False,False,False,False,False,True,False
2025,22,2025-11-23,0,0,1,0,0,Stroll,15.470588235294118,10,32,0,11,62,0,7,26,1.581823529411765,False,False,False,False,False,False,False,False,False,False,False,False,False,False,False,False,False,False,False,False,True,False,False,False,False,False,False,False,True,False,False,False,False,False,False,False,False,False,False,True,False,False,False,False,False,False,False,False
2025,22,2025-11-23,0,0,1,0,0,Colapinto,15.833333333333334,10,0,0,20,20,0,10,22,1.6484999999999985,False,False,False,False,False,False,False,False,False,False,False,False,False,False,False,False,False,False,False,False,True,False,False,False,True,False,False,False,False,False,False,False,False,False,False,False,False,False,True,False,False,False,False,False,False,False,False,False
2025,22,2025-11-23,0,0,1,0,0,Ocon,15.277777777777779,10,28,0,15,44,0,9,29,1.4743888888888874,False,False,False,False,False,False,False,False,False,False,False,False,False,False,False,False,False,False,False,False,True,False,False,False,False,False,False,False,False,False,True,False,False,False,False,False,False,False,False,False,False,True,False,False,False,False,False,False
2025,22,2025-11-23,0,0,1,0,0,Sainz,11.666666666666666,10,31,0,12,101,0,5,31,1.035999999999999,False,False,False,False,False,False,False,False,False,False,False,False,False,False,False,False,False,False,False,False,True,False,False,False,False,False,False,False,False,False,False,False,False,False,False,False,True,False,False,False,False,False,False,False,False,False,False,True
2025,22,2025-11-23,0,0,1,0,0,Gasly,13.444444444444445,10,20,0,16,20,0,10,29,1.2362777777777803,False,False,False,False,False,False,False,False,False,False,False,False,False,False,False,False,False,False,False,False,True,False,False,False,False,False,False,False,False,False,True,False,False,False,False,False,False,False,True,False,False,False,False,False,False,False,False,False
2025,22,2025-11-23,0,0,1,0,0,Albon,11.777777777777779,10,70,0,8,101,0,5,29,1.1170555555555532,False,False,False,False,False,False,False,False,False,False,False,False,False,False,False,False,False,False,False,False,True,False,False,False,False,False,False,False,False,False,False,False,False,False,False,False,False,True,False,False,False,False,False,False,False,False,False,True
2025,23,2025-11-30,0,0,1,0,0,Russell,4.388888888888889,10,212,1,4,290,1,2,27,0.3889444444444423,False,False,False,False,False,False,False,False,False,True,False,False,False,False,False,False,False,False,False,False,False,False,False,False,False,False,False,True,False,False,False,False,False,False,False,False,False,False,False,False,False,False,False,True,False,False,False,False
2025,23,2025-11-30,0,0,1,0,0,Verstappen,3.0555555555555554,10,255,4,3,272,4,4,28,0.2474444444444433,False,False,False,False,False,False,False,False,False,True,False,False,False,False,False,False,False,False,False,False,False,False,False,False,False,False,False,False,False,True,False,False,False,False,False,False,False,False,False,False,False,False,False,False,False,True,False,False
2025,23,2025-11-30,0,0,1,0,0,Piastri,2.5555555555555554,10,324,7,1,623,12,1,24,0.1840555555555557,False,False,False,False,False,False,False,False,False,True,False,False,False,False,False,False,False,False,False,False,False,False,False,False,False,True,False,False,False,False,False,False,False,False,False,False,False,False,False,False,False,False,True,False,False,False,False,False
2025,23,2025-11-30,0,0,1,0,0,Antonelli,8.833333333333334,10,78,0,7,290,1,2,19,0.7706111111111125,False,False,False,False,False,False,False,False,False,True,False,False,False,False,False,False,False,False,False,False,False,False,False,False,False,False,False,False,False,False,False,False,True,False,False,False,False,False,False,False,False,False,False,True,False,False,False,False
2025,23,2025-11-30,0,0,1,0,0,Norris,3.4444444444444446,10,299,5,2,623,12,1,25,0.26405555555555715,False,False,False,False,False,False,False,False,False,True,False,False,False,False,False,False,False,False,False,False,False,False,False,False,False,False,False,True,False,False,False,False,False,False,False,False,False,False,False,False,False,False,True,False,False,False,False,False
2025,23,2025-11-30,0,0,1,0,0,Hamilton,8.444444444444445,10,121,0,6,286,0,3,40,0.6808888888888858,False,False,False,False,False,False,False,False,False,True,False,False,False,False,False,False,False,False,False,False,False,False,False,False,False,False,False,True,False,False,False,False,False,False,False,False,False,False,False,False,True,False,False,False,False,False,False,False
2025,23,2025-11-30,0,0,1,0,0,Leclerc,5.444444444444445,10,165,0,5,286,0,3,27,0.4937777777777781,False,False,False,False,False,False,False,False,False,True,False,False,False,False,False,False,False,False,False,False,False,False,False,False,False,False,False,False,False,False,False,False,False,False,True,False,False,False,False,False,True,False,False,False,False,False,False,False
2025,23,2025-11-30,0,0,1,0,0,Hadjar,9.944444444444445,10,39,0,9,72,0,6,21,0.9050555555555554,False,False,False,False,False,False,False,False,False,True,False,False,False,False,False,False,False,False,False,False,False,False,False,False,False,False,False,False,False,False,True,False,False,False,False,False,False,False,False,False,False,False,False,False,True,False,False,False
2025,23,2025-11-30,0,0,1,0,0,Bearman,15.444444444444445,10,16,0,19,44,0,9,20,1.4267222222222204,False,False,False,False,False,False,False,False,False,True,False,False,False,False,False,False,False,False,False,False,False,False,False,False,False,False,False,True,False,False,False,False,False,False,False,False,False,False,False,False,False,True,False,False,False,False,False,False
2025,23,2025-11-30,0,0,1,0,0,Alonso,10.5,10,30,0,14,62,0,7,44,0.9934999999999982,False,False,False,False,False,False,False,False,False,True,False,False,False,False,False,False,False,False,False,False,False,False,False,False,False,False,False,False,False,False,False,False,False,False,False,False,True,False,False,True,False,False,False,False,False,False,False,False
2025,23,2025-11-30,0,0,1,0,0,Hulkenberg,15.5,10,37,0,10,55,0,8,38,1.4252222222222204,False,False,False,False,False,False,False,False,False,True,False,False,False,False,False,False,False,False,False,False,False,False,False,False,False,False,False,False,False,False,False,True,False,False,False,False,False,False,False,False,False,False,False,False,False,False,True,False
2025,23,2025-11-30,0,0,1,0,0,Lawson,12.833333333333334,10,30,0,13,72,0,6,23,1.2419999999999998,False,False,False,False,False,False,False,False,False,True,False,False,False,False,False,False,False,False,False,False,False,False,False,False,False,False,False,False,False,False,False,False,False,False,False,True,False,False,False,False,False,False,False,False,True,False,False,False
2025,23,2025-11-30,0,0,1,0,0,Tsunoda,12.277777777777779,10,20,0,17,272,4,4,25,1.1077222222222227,False,False,False,False,False,False,False,False,False,True,False,False,False,False,False,False,False,False,False,False,False,False,False,False,False,False,False,False,False,False,False,False,False,True,False,False,False,False,False,False,False,False,False,False,False,True,False,False
2025,23,2025-11-30,0,0,1,0,0,Bortoleto,13.722222222222221,10,18,0,18,55,0,8,20,1.4738888888888881,False,False,False,False,False,False,False,False,False,True,False,False,False,False,False,False,False,False,False,False,False,False,False,False,False,False,True,False,False,False,False,False,False,False,False,False,False,False,False,False,False,False,False,False,False,False,True,False
2025,23,2025-11-30,0,0,1,0,0,Stroll,15.470588235294118,10,32,0,11,62,0,7,26,1.581823529411765,False,False,False,False,False,False,False,False,False,True,False,False,False,False,False,False,False,False,False,False,False,False,False,False,False,False,False,False,True,False,False,False,False,False,False,False,False,False,False,True,False,False,False,False,False,False,False,False
2025,23,2025-11-30,0,0,1,0,0,Colapinto,15.833333333333334,10,0,0,20,20,0,10,22,1.6484999999999985,False,False,False,False,False,False,False,False,False,True,False,False,False,False,False,False,False,False,False,False,False,False,False,False,True,False,False,False,False,False,False,False,False,False,False,False,False,False,True,False,False,False,False,False,False,False,False,False
2025,23,2025-11-30,0,0,1,0,0,Ocon,15.277777777777779,10,28,0,15,44,0,9,29,1.4743888888888874,False,False,False,False,False,False,False,False,False,True,False,False,False,False,False,False,False,False,False,False,False,False,False,False,False,False,False,False,False,False,True,False,False,False,False,False,False,False,False,False,False,True,False,False,False,False,False,False
2025,23,2025-11-30,0,0,1,0,0,Sainz,11.666666666666666,10,31,0,12,101,0,5,31,1.035999999999999,False,False,False,False,False,False,False,False,False,True,False,False,False,False,False,False,False,False,False,False,False,False,False,False,False,False,False,False,False,False,False,False,False,False,False,False,True,False,False,False,False,False,False,False,False,False,False,True
2025,23,2025-11-30,0,0,1,0,0,Gasly,13.444444444444445,10,20,0,16,20,0,10,29,1.2362777777777803,False,False,False,False,False,False,False,False,False,True,False,False,False,False,False,False,False,False,False,False,False,False,False,False,False,False,False,False,False,False,True,False,False,False,False,False,False,False,True,False,False,False,False,False,False,False,False,False
2025,23,2025-11-30,0,0,1,0,0,Albon,11.777777777777779,10,70,0,8,101,0,5,29,1.1170555555555532,False,False,False,False,False,False,False,False,False,True,False,False,False,False,False,False,False,False,False,False,False,False,False,False,False,False,False,False,False,False,False,False,False,False,False,False,False,True,False,False,False,False,False,False,False,False,False,True
2025,24,2025-12-07,0,0,1,0,0,Russell,4.388888888888889,10,212,1,4,290,1,2,27,0.3889444444444423,False,False,False,False,False,False,False,False,False,False,False,False,False,False,False,False,False,False,False,False,False,False,True,False,False,False,False,True,False,False,False,False,False,False,False,False,False,False,False,False,False,False,False,True,False,False,False,False
2025,24,2025-12-07,0,0,1,0,0,Verstappen,3.0555555555555554,10,255,4,3,272,4,4,28,0.2474444444444433,False,False,False,False,False,False,False,False,False,False,False,False,False,False,False,False,False,False,False,False,False,False,True,False,False,False,False,False,False,True,False,False,False,False,False,False,False,False,False,False,False,False,False,False,False,True,False,False
2025,24,2025-12-07,0,0,1,0,0,Piastri,2.5555555555555554,10,324,7,1,623,12,1,24,0.1840555555555557,False,False,False,False,False,False,False,False,False,False,False,False,False,False,False,False,False,False,False,False,False,False,True,False,False,True,False,False,False,False,False,False,False,False,False,False,False,False,False,False,False,False,True,False,False,False,False,False
2025,24,2025-12-07,0,0,1,0,0,Antonelli,8.833333333333334,10,78,0,7,290,1,2,19,0.7706111111111125,False,False,False,False,False,False,False,False,False,False,False,False,False,False,False,False,False,False,False,False,False,False,True,False,False,False,False,False,False,False,False,False,True,False,False,False,False,False,False,False,False,False,False,True,False,False,False,False
2025,24,2025-12-07,0,0,1,0,0,Norris,3.4444444444444446,10,299,5,2,623,12,1,25,0.26405555555555715,False,False,False,False,False,False,False,False,False,False,False,False,False,False,False,False,False,False,False,False,False,False,True,False,False,False,False,True,False,False,False,False,False,False,False,False,False,False,False,False,False,False,True,False,False,False,False,False
2025,24,2025-12-07,0,0,1,0,0,Hamilton,8.444444444444445,10,121,0,6,286,0,3,40,0.6808888888888858,False,False,False,False,False,False,False,False,False,False,False,False,False,False,False,False,False,False,False,False,False,False,True,False,False,False,False,True,False,False,False,False,False,False,False,False,False,False,False,False,True,False,False,False,False,False,False,False
2025,24,2025-12-07,0,0,1,0,0,Leclerc,5.444444444444445,10,165,0,5,286,0,3,27,0.4937777777777781,False,False,False,False,False,False,False,False,False,False,False,False,False,False,False,False,False,False,False,False,False,False,True,False,False,False,False,False,False,False,False,False,False,False,True,False,False,False,False,False,True,False,False,False,False,False,False,False
2025,24,2025-12-07,0,0,1,0,0,Hadjar,9.944444444444445,10,39,0,9,72,0,6,21,0.9050555555555554,False,False,False,False,False,False,False,False,False,False,False,False,False,False,False,False,False,False,False,False,False,False,True,False,False,False,False,False,False,False,True,False,False,False,False,False,False,False,False,False,False,False,False,False,True,False,False,False
2025,24,2025-12-07,0,0,1,0,0,Bearman,15.444444444444445,10,16,0,19,44,0,9,20,1.4267222222222204,False,False,False,False,False,False,False,False,False,False,False,False,False,False,False,False,False,False,False,False,False,False,True,False,False,False,False,True,False,False,False,False,False,False,False,False,False,False,False,False,False,True,False,False,False,False,False,False
2025,24,2025-12-07,0,0,1,0,0,Alonso,10.5,10,30,0,14,62,0,7,44,0.9934999999999982,False,False,False,False,False,False,False,False,False,False,False,False,False,False,False,False,False,False,False,False,False,False,True,False,False,False,False,False,False,False,False,False,False,False,False,False,True,False,False,True,False,False,False,False,False,False,False,False
2025,24,2025-12-07,0,0,1,0,0,Hulkenberg,15.5,10,37,0,10,55,0,8,38,1.4252222222222204,False,False,False,False,False,False,False,False,False,False,False,False,False,False,False,False,False,False,False,False,False,False,True,False,False,False,False,False,False,False,False,True,False,False,False,False,False,False,False,False,False,False,False,False,False,False,True,False
2025,24,2025-12-07,0,0,1,0,0,Lawson,12.833333333333334,10,30,0,13,72,0,6,23,1.2419999999999998,False,False,False,False,False,False,False,False,False,False,False,False,False,False,False,False,False,False,False,False,False,False,True,False,False,False,False,False,False,False,False,False,False,False,False,True,False,False,False,False,False,False,False,False,True,False,False,False
2025,24,2025-12-07,0,0,1,0,0,Tsunoda,12.277777777777779,10,20,0,17,272,4,4,25,1.1077222222222227,False,False,False,False,False,False,False,False,False,False,False,False,False,False,False,False,False,False,False,False,False,False,True,False,False,False,False,False,False,False,False,False,False,True,False,False,False,False,False,False,False,False,False,False,False,True,False,False
2025,24,2025-12-07,0,0,1,0,0,Bortoleto,13.722222222222221,10,18,0,18,55,0,8,20,1.4738888888888881,False,False,False,False,False,False,False,False,False,False,False,False,False,False,False,False,False,False,False,False,False,False,True,False,False,False,True,False,False,False,False,False,False,False,False,False,False,False,False,False,False,False,False,False,False,False,True,False
2025,24,2025-12-07,0,0,1,0,0,Stroll,15.470588235294118,10,32,0,11,62,0,7,26,1.581823529411765,False,False,False,False,False,False,False,False,False,False,False,False,False,False,False,False,False,False,False,False,False,False,True,False,False,False,False,False,True,False,False,False,False,False,False,False,False,False,False,True,False,False,False,False,False,False,False,False
2025,24,2025-12-07,0,0,1,0,0,Colapinto,15.833333333333334,10,0,0,20,20,0,10,22,1.6484999999999985,False,False,False,False,False,False,False,False,False,False,False,False,False,False,False,False,False,False,False,False,False,False,True,False,True,False,False,False,False,False,False,False,False,False,False,False,False,False,True,False,False,False,False,False,False,False,False,False
2025,24,2025-12-07,0,0,1,0,0,Ocon,15.277777777777779,10,28,0,15,44,0,9,29,1.4743888888888874,False,False,False,False,False,False,False,False,False,False,False,False,False,False,False,False,False,False,False,False,False,False,True,False,False,False,False,False,False,False,True,False,False,False,False,False,False,False,False,False,False,True,False,False,False,False,False,False
2025,24,2025-12-07,0,0,1,0,0,Sainz,11.666666666666666,10,31,0,12,101,0,5,31,1.035999999999999,False,False,False,False,False,False,False,False,False,False,False,False,False,False,False,False,False,False,False,False,False,False,True,False,False,False,False,False,False,False,False,False,False,False,False,False,True,False,False,False,False,False,False,False,False,False,False,True
2025,24,2025-12-07,0,0,1,0,0,Gasly,13.444444444444445,10,20,0,16,20,0,10,29,1.2362777777777803,False,False,False,False,False,False,False,False,False,False,False,False,False,False,False,False,False,False,False,False,False,False,True,False,False,False,False,False,False,False,True,False,False,False,False,False,False,False,True,False,False,False,False,False,False,False,False,False
2025,24,2025-12-07,0,0,1,0,0,Albon,11.777777777777779,10,70,0,8,101,0,5,29,1.1170555555555532,False,False,False,False,False,False,False,False,False,False,False,False,False,False,False,False,False,False,False,False,False,False,True,False,False,False,False,False,False,False,False,False,False,False,False,False,False,True,False,False,False,False,False,False,False,False,False,True
